Detection Matrix,SO1,SO2,SO3,SO4,,Site Covariates,DistV,Post,Bound,PAS,W,C,Prey,,Detection Covariate (Substrate),SO1,SO2,SO3,SO4
5_01,0,0,0,0,,5_01,8.3,32.9,0.7,0,3.76,0.91,0.51,,5_01,1,1,1,1
5_02,0,0,0,0,,5_02,9.9,33.1,2.2,0,8.57,0.93,0.60,,5_02,2,1,2,1
5_03,0,0,0,0,,5_03,11.4,32.6,3.8,0,10.53,0.96,0.60,,5_03,1,1,1,1
5_04,0,0,0,0,,5_04,12.9,32.5,5.7,0,6.77,0.96,0.59,,5_04,1,2,1,2
5_05,0,0,0,0,,5_05,14.3,32.5,7.4,0,3.81,0.79,0.59,,5_05,1,1,1,2
5_06,0,0,0,0,,5_06,15.8,31.5,8.1,0,18.29,0.43,0.63,,5_06,1,2,1,2
5_07,0,0,.,.,,5_07,16.7,30.5,8.5,0,29.27,0.14,0.67,,5_07,2,2,.,.
5_08,0,0,0,0,,5_08,17.7,31.0,12.5,0,0.35,0.96,0.59,,5_08,3,3,3,3
6_01,0,0,0,0,,6_01,13.4,22.2,12.3,0,11.26,0.35,0.64,,6_01,2,2,2,2
6_02,0,0,0,0,,6_02,15.2,24.1,13.9,0,9.07,0.67,0.62,,6_02,2,2,3,2
6_03,0,0,0,0,,6_03,17.1,26.0,15.7,0,11.29,0.79,0.60,,6_03,2,1,2,2
6_04,0,0,0,0,,6_04,18.1,27.4,16.7,0,13.11,0.74,0.60,,6_04,1,2,2,1
6_05,1,0,.,.,,6_05,17.6,27.4,16.2,0,17.61,0.61,0.62,,6_05,2,2,.,.
6_06,0,0,0,0,,6_06,17.3,27.7,15.8,0,22.14,0.19,0.66,,6_06,4,4,2,4
6_07,0,0,0,0,,6_07,18.0,28.9,16.4,0,23.40,0.02,0.67,,6_07,2,4,4,4
6_08,0,0,0,1,,6_08,17.7,29.3,16.1,0,21.42,0.24,0.65,,6_08,4,2,4,4
6_09,0,0,0,0,,6_09,17.2,29.2,15.5,0,15.32,0.85,0.60,,6_09,4,2,2,2
6_10,0,0,0,0,,6_10,17.0,29.5,15.3,0,13.87,0.91,0.60,,6_10,2,2,2,2
6_11,0,0,0,0,,6_11,17.4,30.1,15.2,0,8.30,0.85,0.60,,6_11,2,2,3,3
7_01,0,0,0,0,,7_01,17.9,26.3,16.7,0,8.49,0.69,0.60,,7_01,4,3,3,4
7_02,1,0,0,0,,7_02,18.9,26.4,17.8,0,8.72,0.48,0.61,,7_02,3,3,3,3
7_03,0,0,0,0,,7_03,20.2,26.7,19.1,0,22.81,0.29,0.65,,7_03,3,3,3,3
7_04,0,0,.,.,,7_04,21.2,27.3,20.2,0,28.35,0.41,0.65,,7_04,3,4,.,.
7_05,0,0,0,0,,7_05,20.1,29.1,18.7,0,6.43,0.69,0.59,,7_05,3,3,3,4
7_06,0,0,0,0,,7_06,21.8,31.0,20.4,0,4.19,0.64,0.60,,7_06,4,3,3,3
7_07,0,0,0,0,,7_07,23.7,32.9,22.3,0,5.69,0.50,0.60,,7_07,4,3,4,4
7_08,0,0,0,0,,7_08,25.6,34.6,24.1,0,4.41,0.42,0.61,,7_08,3,3,3,3
7_09,0,0,0,.,,7_09,27.3,36.2,25.8,0,6.60,0.39,0.62,,7_09,4,3,3,.
8_01,0,0,0,0,,8_01,32.6,48.5,29.0,0.5,33.00,0.36,0.66,,8_01,3,2,3,2
8_02,0,0,0,0,,8_02,34.2,47.2,30.1,0.5,35.95,0.17,0.68,,8_02,2,2,2,3
8_03,0,0,0,0,,8_03,35.4,45.9,31.0,0.5,38.55,0.22,0.68,,8_03,2,2,3,2
8_04,0,0,0,0,,8_04,36.8,44.5,31.9,0.5,34.18,0.26,0.67,,8_04,2,2,2,3
8_05,0,1,1,0,,8_05,38.1,43.5,33.3,0.5,31.40,0.11,0.68,,8_05,3,2,3,2
8_06,0,0,0,1,,8_06,37.8,43.0,35.0,0.612013536,26.72,0.39,0.65,,8_06,2,2,3,3
8_07,0,0,1,1,,8_07,27.3,42.3,19.4,0,3.94,0.60,0.59,,8_07,2,2,2,3
8_08,0,0,0,0,,8_08,29.1,41.4,21.4,0,2.90,0.54,0.60,,8_08,3,2,2,3
8_09,0,0,0,0,,8_09,30.9,40.6,23.3,0,0.02,0.63,0.58,,8_09,3,2,2,2
8_10,0,0,0,0,,8_10,32.3,40.5,25.0,0,0.42,0.34,0.60,,8_10,2,2,2,2
8_11,1,0,1,1,,8_11,32.3,41.9,25.9,0,2.70,0.64,0.58,,8_11,2,2,2,2
8_12,0,0,0,0,,8_12,32.3,43.4,26.6,0,4.71,0.39,0.60,,8_12,2,2,2,2
9_01,0,0,0,0,,9_01,23.7,44.3,15.6,0,31.98,0.06,0.69,,9_01,3,3,2,2
9_02,0,1,0,0,,9_02,23.9,45.1,16.6,0,24.51,0.30,0.65,,9_02,3,3,2,3
9_03,0,0,1,0,,9_03,24.8,45.4,18.3,0,2.71,0.29,0.62,,9_03,2,3,3,3
9_04,0,1,0,0,,9_04,23.4,45.5,16.1,0,33.62,0.16,0.68,,9_04,2,3,2,2
9_05,0,1,1,1,,9_05,22.6,45.9,16.4,0,32.32,0.22,0.67,,9_05,2,3,2,3
9_06,0,0,0,0,,9_06,22.3,45.2,16.9,0,32.23,0.17,0.68,,9_06,2,2,3,3
9_07,0,0,.,.,,9_07,21.5,44.2,16.8,0,35.11,0.31,0.67,,9_07,2,3,.,.
9_08,0,0,0,0,,9_08,25.0,44.0,17.3,0,9.84,0.57,0.61,,9_08,2,2,3,3
10_01,0,0,0,0,,10_01,15.7,32.5,14.6,0,1.49,0.10,0.63,,10_01,1,1,2,1
10_02,0,1,.,.,,10_02,14.6,31.1,13.4,0,2.10,0.22,0.62,,10_02,1,2,.,.
10_03,1,1,1,0,,10_03,1.7,22.0,0.7,0,34.32,0.68,0.60,,10_03,2,2,2,2
10_04,1,0,0,0,,10_04,3.4,23.7,2.3,0,10.89,0.80,0.63,,10_04,3,2,3,3
10_05,0,0,0,0,,10_05,5.1,25.3,3.8,0,5.48,0.71,0.63,,10_05,3,2,3,3
10_06,0,0,0,0,,10_06,6.8,26.7,5.4,0,2.69,0.42,0.63,,10_06,3,3,3,3
10_07,0,0,1,0,,10_07,8.6,28.5,6.8,0,0.18,0.63,0.61,,10_07,2,3,3,3
10_08,1,1,0,0,,10_08,9.9,30.3,8.1,0,3.55,0.48,0.62,,10_08,2,3,2,2
11_04,1,1,1,1,,11_04,2.6,15.8,0.1,0,1.63,0.66,0.39,,11_04,2,3,2,2
11_05,1,1,0,1,,11_05,1.2,16.6,0.1,0,23.99,0.30,0.44,,11_05,2,3,3,2
11_06,1,0,0,1,,11_06,1.3,17.6,0.2,0,63.08,0.47,0.46,,11_06,3,3,3,3
21_01,0,0,0,0,,21_01,3.9,2.3,0.8,0.924664785,20.96,0.72,0.61,,21_01,2,1,1,1
21_02,0,0,0,0,,21_02,4.2,3.0,2.6,1,12.30,0.87,0.66,,21_02,1,1,1,1
21_03,0,0,.,.,,21_03,5.2,4.3,3.9,1,8.27,0.87,0.66,,21_03,1,2,.,.
21_04,0,0,0,0,,21_04,2.2,1.1,0.8,0.862020033,12.97,0.77,0.59,,21_04,2,3,3,2
21_05,0,0,0,1,,21_05,3.4,3.0,2.2,1,3.57,0.48,0.67,,21_05,3,3,3,3
21_06,0,0,0,0,,21_06,4.9,4.7,3.1,1,4.09,0.56,0.64,,21_06,3,3,3,2
21_07,0,0,0,0,,21_07,5.9,6.2,3.4,1,13.53,0.47,0.64,,21_07,3,3,2,2
21_08,0,0,0,0,,21_08,7.0,7.7,3.4,1,15.01,0.72,0.63,,21_08,2,3,2,3
22_01,0,0,0,1,,22_01,8.2,9.9,3.7,1,5.78,0.93,0.62,,22_01,4,4,4,4
22_02,0,0,0,0,,22_02,8.4,11.4,4.8,1,6.53,0.69,0.63,,22_02,3,3,4,4
22_03,0,0,1,0,,22_03,8.9,13.2,6.0,1,12.47,0.68,0.64,,22_03,3,3,4,4
22_04,1,0,0,0,,22_04,9.1,15.0,6.4,1,12.41,0.74,0.64,,22_04,4,3,4,3
22_05,0,0,0,0,,22_05,8.8,16.6,5.9,1,3.67,0.81,0.63,,22_05,4,3,3,3
22_06,0,0,0,0,,22_06,7.5,17.8,4.9,1,2.97,0.45,0.65,,22_06,4,3,4,4
22_07,0,0,1,0,,22_07,5.9,18.9,3.6,1,5.43,0.29,0.66,,22_07,3,4,4,3
22_08,0,1,.,.,,22_08,4.7,19.7,2.9,1,10.45,0.56,0.63,,22_08,4,4,.,.
22_09,0,0,0,0,,22_09,8.8,22.6,7.2,1,10.13,0.50,0.63,,22_09,3,3,3,3
22_10,0,0,.,.,,22_10,10.4,23.7,8.7,1,15.39,0.12,0.67,,22_10,3,3,.,.
23_01,0,0,0,0,,23_01,12.0,24.9,10.3,1,19.05,0.13,0.67,,23_01,3,3,3,3
23_02,0,0,0,0,,23_02,13.9,26.3,12.1,1,18.38,0.36,0.65,,23_02,3,3,3,3
23_03,0,0,0,0,,23_03,15.7,27.8,13.9,1,16.40,0.30,0.65,,23_03,3,3,4,3
23_04,0,0,0,1,,23_04,17.0,28.0,15.3,1,7.47,0.09,0.67,,23_04,3,2,2,3
23_05,0,1,.,.,,23_05,17.5,27.4,15.7,1,8.91,0.22,0.65,,23_05,3,3,.,.
25_01,0,0,0,0,,25_01,36.6,43.4,35.3,1,9.42,0.23,0.63,,25_01,3,2,2,2
25_02,0,0,0,0,,25_02,36.3,43.7,35.0,1,11.49,0.09,0.66,,25_02,2,2,2,2
25_03,0,0,0,0,,25_03,37.0,44.5,35.6,1,10.95,0.18,0.65,,25_03,2,2,2,2
25_04,0,0,0,0,,25_04,37.6,43.5,36.2,1,11.83,0.31,0.63,,25_04,2,2,2,2
25_05,0,0,0,0,,25_05,38.3,41.6,36.8,1,12.16,0.44,0.62,,25_05,3,2,2,2
25_06,0,0,0,0,,25_06,39.2,39.9,37.7,1,11.10,0.62,0.61,,25_06,2,2,3,3
25_07,0,0,0,0,,25_07,39.8,38.7,38.3,1,6.34,0.24,0.65,,25_07,3,3,3,2
25_08,0,0,0,0,,25_08,38.9,38.4,37.4,1,7.49,0.56,0.59,,25_08,2,2,3,3
26_01,0,0,0,0,,26_01,47.5,39.4,45.7,1,21.35,0.10,0.68,,26_01,1,1,2,2
26_02,0,0,0,0,,26_02,46.9,40.8,44.4,1,31.27,0.25,0.66,,26_02,1,1,1,1
26_03,0,0,0,0,,26_03,45.6,41.7,43.2,1,28.64,0.31,0.66,,26_03,1,1,2,1
26_04,1,0,0,0,,26_04,44.2,42.8,42.0,1,26.79,0.16,0.67,,26_04,1,1,1,2
26_05,0,0,0,0,,26_05,43.0,44.0,40.8,1,38.85,0.07,0.70,,26_05,2,2,3,2
26_06,0,0,0,0,,26_06,41.3,45.7,39.1,1,37.91,0.11,0.69,,26_06,2,2,2,2
26_07,0,0,0,0,,26_07,39.5,47.6,37.2,1,14.76,0.34,0.63,,26_07,3,3,3,2
26_08,0,0,0,0,,26_08,37.7,49.3,35.5,1,10.63,0.26,0.63,,26_08,3,2,3,2
26_09,0,0,0,0,,26_09,36.0,50.9,33.7,1,2.13,0.36,0.62,,26_09,2,2,3,3
26_10,0,0,.,.,,26_10,34.7,51.1,32.4,1,0.70,0.48,0.59,,26_10,2,3,.,.
27_01,0,0,0,0,,27_01,26.7,44.7,24.3,0.5,28.96,0.33,0.67,,27_01,3,3,2,2
27_02,0,0,0,0,,27_02,27.9,46.3,25.2,0.5,29.61,0.41,0.65,,27_02,3,2,3,2
27_03,0,0,0,0,,27_03,29.2,48.0,26.5,0.5,32.55,0.22,0.68,,27_03,2,2,2,2
27_04,0,0,0,0,,27_04,26.4,43.4,24.4,0.5,31.96,0.50,0.65,,27_04,2,2,2,2
27_05,0,0,0,0,,27_05,27.0,43.3,25.4,0.5,38.95,0.40,0.66,,27_05,3,2,2,2
27_06,0,0,0,0,,27_06,27.0,42.7,25.8,0.5,51.30,0.38,0.67,,27_06,2,1,2,2
27_07,0,1,0,1,,27_07,26.7,41.9,25.5,0.5,46.34,0.54,0.64,,27_07,1,2,2,2
27_08,0,0,0,0,,27_08,25.9,40.8,24.8,0.5,44.28,0.48,0.65,,27_08,3,2,2,2
27_09,0,1,0,0,,27_09,24.7,39.4,23.7,0.5,38.80,0.50,0.65,,27_09,2,3,2,3
27_10,0,0,0,0,,27_10,23.2,37.9,22.3,0.5,36.80,0.44,0.66,,27_10,2,2,2,2
27_11,0,0,.,.,,27_11,22.4,37.0,21.4,0.5,33.19,0.59,0.62,,27_11,2,2,.,.
27_12,0,0,0,0,,27_12,21.9,39.1,20.2,0,1.61,0.45,0.60,,27_12,1,2,1,1
27_13,0,0,0,0,,27_13,20.2,37.2,18.8,0,0.33,0.25,0.62,,27_13,2,1,2,1
27_14,0,0,.,.,,27_14,18.8,35.8,17.6,0,0.00,0.23,0.63,,27_14,2,2,.,.
28_01,1,0,0,0,,28_01,13.4,29.4,12.0,0,0.64,0.42,0.60,,28_01,1,3,2,2
28_02,0,0,0,0,,28_02,12.0,27.8,10.8,0,2.74,0.92,0.57,,28_02,2,2,1,1
28_03,0,0,0,0,,28_03,10.7,26.2,9.6,0,30.54,0.34,0.66,,28_03,2,2,2,2
28_04,0,0,0,0,,28_04,10.5,25.4,9.4,0,65.49,0.15,0.72,,28_04,2,2,3,2
28_05,0,0,0,0,,28_05,10.4,24.6,9.1,0,45.49,0.29,0.68,,28_05,2,2,2,1
28_06,0,0,0,0,,28_06,9.6,23.0,7.8,0,7.98,0.56,0.60,,28_06,1,1,2,1
28_07,0,0,.,.,,28_07,8.9,21.7,6.5,0,5.43,0.63,0.60,,28_07,2,2,.,.
28_08,0,0,0,0,,28_08,21.0,35.7,20.0,0.5,32.26,0.66,0.62,,28_08,2,2,2,3
28_09,0,0,1,0,,28_09,19.2,33.9,18.2,0.5,36.17,0.31,0.67,,28_09,3,2,2,3
28_10,0,0,0,0,,28_10,17.5,32.0,16.5,0.5,39.64,0.14,0.69,,28_10,3,3,2,2
28_11,0,0,0,0,,28_11,16.1,30.3,14.9,0.5,37.52,0.08,0.69,,28_11,2,2,2,2
28_12,0,0,0,1,,28_12,14.9,28.7,13.5,0.5,56.98,0.27,0.71,,28_12,2,3,3,2
28_13,0,0,0,0,,28_13,14.5,27.6,12.6,0.5,64.73,0.27,0.72,,28_13,3,3,3,3
28_14,0,1,0,0,,28_14,14.9,27.0,12.2,0.5,60.89,0.36,0.71,,28_14,3,2,2,3
28_15,0,0,0,0,,28_15,16.4,27.7,13.0,0.5,62.49,0.46,0.69,,28_15,2,3,3,2
28_16,0,0,.,.,,28_16,17.6,28.5,13.7,0.5,61.84,0.51,0.69,,28_16,2,2,.,.
29_04,0,0,0,0,,29_04,7.4,15.8,1.0,0,0.00,0.55,0.58,,29_04,2,2,2,2
29_05,0,0,0,0,,29_05,7.6,17.6,2.8,0,0.01,0.68,0.60,,29_05,2,2,2,2
29_06,0,0,0,0,,29_06,8.2,19.5,4.6,0,1.77,0.29,0.62,,29_06,2,2,2,2
29_08,1,1,1,1,,29_08,6.0,14.9,0.1,0,0.00,0.49,0.39,,29_08,2,2,2,2
29_09,1,1,1,.,,29_09,4.4,15.3,0.1,0,0.00,0.58,0.40,,29_09,2,2,2,.
39_01,0,1,0,0,,39_01,6.7,5.9,5.4,1,12.21,0.77,0.65,,39_01,1,2,1,2
39_02,0,0,0,0,,39_02,8.6,7.8,7.2,1,23.01,0.77,0.65,,39_02,1,2,2,1
39_03,0,0,0,0,,39_03,10.5,9.7,9.0,1,26.79,0.66,0.62,,39_03,1,3,2,3
39_04,0,0,0,0,,39_04,12.3,11.4,10.5,1,10.61,0.62,0.63,,39_04,3,3,4,3
39_05,0,0,0,1,,39_05,14.3,13.4,12.3,1,9.29,0.51,0.63,,39_05,3,3,2,2
39_06,0,0,0,0,,39_06,16.2,15.2,13.4,1,13.35,0.77,0.58,,39_06,2,2,2,2
39_07,0,0,0,0,,39_07,17.3,17.1,14.5,1,26.52,0.68,0.61,,39_07,3,2,3,2
39_08,0,0,0,0,,39_08,18.2,18.9,16.0,1,30.54,0.62,0.62,,39_08,3,3,2,2
40_01,0,0,0,0,,40_01,19.1,20.9,17.6,1,19.63,0.89,0.62,,40_01,1,1,1,1
40_02,0,0,0,0,,40_02,10.9,11.1,8.0,1,8.70,0.79,0.61,,40_02,2,2,2,2
40_03,0,0,0,0,,40_03,12.8,13.0,9.4,1,14.39,0.81,0.61,,40_03,2,2,2,2
40_04,0,1,0,0,,40_04,14.7,15.0,11.1,1,24.60,0.51,0.64,,40_04,3,2,3,2
40_05,0,0,0,0,,40_05,16.3,16.9,12.9,1,14.59,0.56,0.64,,40_05,2,3,2,3
40_06,0,0,0,0,,40_06,18.1,18.7,14.8,1,9.49,0.75,0.64,,40_06,2,2,3,4
40_07,0,0,0,0,,40_07,19.3,20.7,16.4,1,17.66,0.71,0.62,,40_07,2,3,2,2
40_08,0,0,0,0,,40_08,20.6,22.6,17.9,1,15.95,0.74,0.63,,40_08,2,2,3,2
40_09,0,0,0,0,,40_09,21.0,23.9,18.4,1,9.08,0.76,0.62,,40_09,2,2,3,3
40_10,0,0,0,.,,40_10,21.8,25.4,19.3,1,4.61,0.65,0.61,,40_10,4,4,3,.
41_01,0,0,0,0,,41_01,22.2,26.7,19.9,1,2.09,0.91,0.58,,41_01,3,2,3,3
41_02,0,0,0,0,,41_02,21.9,27.8,19.7,1,2.57,0.48,0.61,,41_02,2,3,3,3
41_03,0,0,0,0,,41_03,22.3,29.3,20.2,1,11.44,0.28,0.64,,41_03,3,3,3,2
41_04,0,0,0,0,,41_04,22.8,30.7,21.0,1,21.43,0.31,0.65,,41_04,2,2,2,2
41_05,0,0,0,0,,41_05,24.1,32.2,22.3,1,15.63,0.62,0.60,,41_05,2,2,2,2
41_06,0,0,0,0,,41_06,25.2,32.3,23.4,1,12.10,0.89,0.56,,41_06,2,3,2,2
41_07,0,0,0,0,,41_07,25.4,32.4,23.5,1,10.61,0.70,0.57,,41_07,2,2,3,2
41_08,0,0,.,.,,41_08,25.1,33.2,23.1,1,15.70,0.61,0.60,,41_08,2,3,.,.
42_01,0,0,0,0,,42_01,40.0,18.9,38.0,1,32.80,0.34,0.64,,42_01,2,2,2,2
42_02,0,0,0,0,,42_02,38.4,20.7,36.4,1,24.87,0.53,0.59,,42_02,4,2,2,4
42_03,0,0,0,0,,42_03,36.5,22.6,34.6,1,35.22,0.50,0.60,,42_03,2,2,4,4
42_04,0,0,0,0,,42_04,35.3,24.4,33.3,1,25.32,0.33,0.62,,42_04,2,4,4,4
42_05,0,0,0,0,,42_05,34.0,26.2,31.9,1,19.70,0.70,0.57,,42_05,2,4,4,2
42_06,0,0,.,.,,42_06,32.6,27.5,30.5,1,14.67,0.88,0.55,,42_06,4,2,.,.
43_01,0,0,0,0,,43_01,50.9,20.4,48.6,1,32.35,0.02,0.69,,43_01,2,1,1,1
43_02,0,0,0,0,,43_02,50.2,22.2,47.9,1,22.11,0.21,0.64,,43_02,1,1,2,1
43_03,0,0,0,0,,43_03,50.3,24.0,47.9,1,23.94,0.26,0.64,,43_03,2,1,1,1
43_04,0,0,0,0,,43_04,50.8,25.8,48.4,1,16.62,0.52,0.63,,43_04,1,2,3,3
43_05,0,0,0,0,,43_05,50.5,27.6,48.5,1,4.70,0.59,0.60,,43_05,1,1,2,1
43_06,0,0,0,0,,43_06,49.7,29.4,48.1,1,9.50,0.51,0.61,,43_06,1,2,2,1
43_07,0,0,0,0,,43_07,49.1,31.1,47.6,1,6.44,0.28,0.63,,43_07,1,1,1,1
43_08,0,0,0,0,,43_08,48.5,32.9,47.0,1,4.02,0.31,0.63,,43_08,1,1,1,1
43_09,0,0,0,0,,43_09,47.4,34.7,45.9,1,13.71,0.28,0.64,,43_09,1,1,1,1
43_10,0,0,0,0,,43_10,47.4,36.3,45.9,1,18.80,0.17,0.65,,43_10,1,1,1,1
44_01,0,0,0,.,,44_01,47.5,37.7,46.0,1,15.69,0.09,0.66,,44_01,1,1,1,.
44_02,1,0,0,0,,44_02,46.7,38.1,45.3,0.070256589,4.05,0.30,0.60,,44_02,2,2,2,2
44_03,0,0,0,0,,44_03,45.3,39.7,43.7,0.600713618,7.63,0.14,0.64,,44_03,2,2,2,2
44_04,0,0,.,.,,44_04,44.1,40.9,42.4,0.341729268,4.25,0.25,0.62,,44_04,2,2,.,.
44_05,0,0,0,0,,44_05,48.3,36.7,46.7,0,0.22,0.43,0.59,,44_05,2,2,2,2
44_06,0,0,0,0,,44_06,49.7,35.3,47.6,0,2.79,0.51,0.58,,44_06,2,2,2,2
44_07,0,0,.,.,,44_07,50.6,34.7,47.8,0,18.52,0.35,0.61,,44_07,2,2,.,.
45_01,0,0,0,0,,45_01,28.6,42.1,27.2,1,1.18,0.70,0.60,,45_01,2,2,2,3
45_02,0,0,0,0,,45_02,28.7,41.8,27.0,0.818377796,3.69,0.58,0.61,,45_02,2,3,2,2
45_03,0,1,0,0,,45_03,30.3,43.4,28.6,0.091939222,5.47,0.47,0.61,,45_03,3,2,2,2
45_04,0,0,0,0,,45_04,31.4,44.7,29.8,0.606501951,7.60,0.32,0.64,,45_04,3,3,2,3
45_05,0,0,0,0,,45_05,32.3,46.0,31.0,1,11.16,0.36,0.64,,45_05,3,3,3,2
45_06,0,0,0,0,,45_06,33.9,47.7,32.7,1,7.18,0.24,0.64,,45_06,2,3,2,2
45_01ALT,0,0,0,0,,45_01ALT,42.9,42.2,41.2,0.899688689,0.93,0.14,0.64,,45_01ALT,2,2,3,2
45_02ALT,0,0,0,0,,45_02ALT,41.6,43.6,39.5,0.278776357,3.53,0.46,0.60,,45_02ALT,2,2,3,2
45_03ALT,0,0,0,0,,45_03ALT,40.5,44.8,38.3,0.66395785,5.33,0.18,0.64,,45_03ALT,2,2,3,2
45_04ALT,0,0,0,0,,45_04ALT,39.5,45.9,37.1,0.003578732,5.28,0.26,0.61,,45_04ALT,1,1,1,1
45_05ALT,0,0,0,0,,45_05ALT,38.5,47.2,35.7,0.749977621,6.54,0.17,0.64,,45_05ALT,1,1,2,1
45_06ALT,0,0,0,0,,45_06ALT,36.7,48.5,34.0,0.802564317,3.45,0.29,0.63,,45_06ALT,1,1,1,1
45_07ALT,0,0,0,0,,45_07ALT,35.4,47.7,32.2,0.273361836,0.34,0.41,0.61,,45_07ALT,1,1,1,1
45_08ALT,0,0,0,0,,45_08ALT,34.4,46.3,30.6,0,0.01,0.36,0.60,,45_08ALT,1,1,1,1
46_01,0,0,0,0,,46_01,30.7,42.9,26.3,0,0.00,0.67,0.58,,46_01,2,2,2,2
46_02,0,0,0,0,,46_02,29.8,42.8,25.4,0,0.11,0.29,0.60,,46_02,1,1,1,1
46_03,0,0,1,0,,46_03,28.6,42.3,24.1,0,0.54,0.56,0.57,,46_03,1,1,1,1
46_04,0,0,0,0,,46_04,26.9,41.0,22.3,0,1.69,0.53,0.58,,46_04,1,1,1,1
46_05,0,0,0,0,,46_05,25.0,39.3,20.4,0,1.29,0.71,0.58,,46_05,1,1,1,1
46_06,0,0,0,0,,46_06,23.1,37.9,18.5,0,1.46,0.61,0.59,,46_06,1,1,1,2
46_07,0,0,0,0,,46_07,21.3,36.5,16.6,0,2.98,0.77,0.56,,46_07,1,2,1,1
46_08,0,0,0,0,,46_08,19.4,35.4,14.7,0,5.18,0.65,0.57,,46_08,2,2,1,1
46_09,0,0,0,.,,46_09,17.9,34.2,13.2,0,5.24,0.42,0.60,,46_09,1,1,1,.
47_01,0,0,0,0,,47_01,4.6,23.5,0.7,0,4.91,0.73,0.51,,47_01,2,2,1,1
47_02,1,0,0,0,,47_02,6.3,25.2,2.4,0,38.81,0.45,0.66,,47_02,1,2,1,1
47_03,0,0,0,0,,47_03,7.9,26.2,4.0,0,67.61,0.46,0.70,,47_03,2,2,1,1
47_04,0,0,0,0,,47_04,9.6,27.1,5.7,0,42.35,0.22,0.68,,47_04,1,2,3,4
47_05,0,0,0,0,,47_05,11.3,28.7,7.2,0,3.86,0.48,0.60,,47_05,1,1,1,1
47_06,0,0,0,0,,47_06,12.9,30.5,8.2,0,0.08,0.59,0.58,,47_06,1,1,1,1
47_07,0,0,0,0,,47_07,14.6,32.0,9.8,0,0.25,0.59,0.58,,47_07,1,1,2,1
47_08,0,0,0,.,,47_08,16.2,32.8,11.5,0,3.19,0.46,0.59,,47_08,1,2,1,.
48_01,1,0,1,0,,48_01,1.3,32.6,0.6,0,68.91,0.27,0.75,,48_01,3,3,3,3
48_02,0,1,.,.,,48_02,1.3,31.6,0.4,0,84.26,0.22,0.78,,48_02,3,3,.,.
48_03,0,1,1,1,,48_03,1.3,29.5,0.2,0,72.04,0.23,0.64,,48_03,3,2,3,2
48_04,1,1,0,0,,48_04,1.9,29.1,0.3,0,71.56,0.27,0.70,,48_04,2,3,3,2
48_05,1,1,1,0,,48_05,3.0,28.5,0.2,0,72.88,0.21,0.40,,48_05,2,2,3,3
56_01,0,0,0,0,,56_01,12.5,24.8,4.7,1,27.28,0.91,0.58,,56_01,2,3,2,2
56_02,0,0,.,.,,56_02,11.9,26.3,5.7,1,22.28,0.77,0.60,,56_02,2,2,.,.
56_03,0,0,0,0,,56_03,12.2,24.2,3.6,1,25.66,0.86,0.60,,56_03,4,4,4,4
56_04,0,0,0,0,,56_04,10.7,24.8,2.8,1,14.92,0.85,0.61,,56_04,4,4,4,4
56_05,0,0,0,0,,56_05,9.4,26.4,3.1,1,10.99,0.93,0.62,,56_05,4,4,4,4
57_01,0,0,0,0,,57_01,11.9,27.8,7.1,1,25.83,0.70,0.62,,57_01,2,2,4,2
57_02,0,0,0,0,,57_02,12.1,29.5,8.3,1,23.49,0.87,0.59,,57_02,2,2,4,2
57_03,0,0,0,0,,57_03,13.0,30.9,9.8,1,16.01,0.65,0.61,,57_03,4,2,2,2
57_04,0,0,0,0,,57_04,14.4,31.6,11.7,1,17.70,0.46,0.63,,57_04,2,2,2,2
57_05,0,0,0,0,,57_05,15.8,31.9,13.4,1,20.68,0.82,0.59,,57_05,2,2,2,2
57_06,0,0,0,0,,57_06,16.8,31.6,14.9,1,14.69,0.77,0.60,,57_06,2,2,4,2
57_07,0,0,0,0,,57_07,17.8,31.2,16.4,1,16.13,0.85,0.60,,57_07,2,2,2,2
57_08,0,0,0,0,,57_08,18.5,30.5,17.4,1,24.50,0.91,0.58,,57_08,2,4,4,4
57_09,0,0,.,.,,57_09,19.5,30.5,18.5,1,21.15,0.89,0.57,,57_09,4,4,.,.
58_01,0,0,0,0,,58_01,20.5,22.7,19.3,1,15.13,0.78,0.63,,58_01,1,1,2,2
58_02,0,0,1,0,,58_02,22.1,24.4,21.2,1,20.50,0.78,0.65,,58_02,2,2,1,1
58_03,0,0,0,0,,58_03,23.4,26.2,22.8,1,24.14,0.70,0.62,,58_03,1,1,1,2
58_04,0,0,0,0,,58_04,24.2,28.1,23.6,1,14.10,0.61,0.62,,58_04,1,1,2,1
58_05,0,0,0,0,,58_05,25.1,29.9,24.3,1,11.55,0.77,0.60,,58_05,1,1,1,1
58_06,0,0,0,0,,58_06,25.5,31.7,24.7,1,13.88,0.82,0.58,,58_06,2,2,4,2
58_07,0,0,0,0,,58_07,26.3,33.3,25.4,1,9.61,0.84,0.59,,58_07,2,2,1,1
58_08,0,0,0,0,,58_08,27.7,33.1,26.8,1,14.35,0.74,0.60,,58_08,2,1,2,2
58_09,0,0,0,0,,58_09,28.8,32.5,27.7,1,19.40,0.85,0.57,,58_09,2,1,2,1
59_01,0,0,0,0,,59_01,44.5,16.1,43.6,1,31.28,0.52,0.63,,59_01,2,2,2,2
59_02,0,0,0,0,,59_02,43.0,17.5,42.2,1,33.91,0.59,0.63,,59_02,3,2,2,3
59_03,0,0,0,0,,59_03,41.8,18.8,41.0,1,27.70,0.45,0.63,,59_03,2,2,3,3
59_04,0,0,0,0,,59_04,40.6,20.2,39.3,1,19.87,0.34,0.64,,59_04,3,3,2,3
59_05,0,0,0,0,,59_05,39.5,21.6,37.5,1,17.52,0.66,0.60,,59_05,2,2,3,3
59_06,0,0,0,0,,59_06,38.0,23.0,35.6,1,14.73,0.67,0.60,,59_06,3,3,3,3
59_07,0,1,0,0,,59_07,36.5,24.1,34.1,1,8.92,0.83,0.59,,59_07,3,3,3,3
59_08,0,0,0,0,,59_08,34.9,25.1,32.5,1,6.19,0.75,0.58,,59_08,3,3,3,3
59_09,0,0,0,0,,59_09,33.1,26.8,30.7,1,11.51,0.65,0.60,,59_09,3,2,2,2
60_01,0,0,0,0,,60_01,55.1,3.4,53.3,1,33.54,0.68,0.56,,60_01,1,1,1,1
60_02,0,0,0,0,,60_02,54.1,5.3,52.3,1,29.10,0.51,0.57,,60_02,1,1,1,1
60_03,0,0,0,0,,60_03,53.0,7.1,51.2,1,27.94,0.29,0.61,,60_03,1,1,1,1
60_04,0,0,0,0,,60_04,53.0,8.7,51.2,1,18.95,0.00,0.66,,60_04,1,1,1,1
60_05,0,0,.,.,,60_05,53.0,10.0,51.1,1,16.36,0.00,0.66,,60_05,1,1,.,.
60_06,0,0,0,0,,60_06,44.8,12.9,43.0,1,29.81,0.73,0.59,,60_06,4,2,2,2
60_07,0,0,0,0,,60_07,43.5,14.4,41.7,1,34.36,0.59,0.63,,60_07,4,2,4,2
60_08,0,0,0,0,,60_08,42.1,16.0,40.4,1,43.44,0.20,0.68,,60_08,2,2,4,2
60_09,0,0,.,.,,60_09,41.1,17.3,39.3,1,38.72,0.28,0.66,,60_09,4,2,.,.
61_01,0,0,0,0,,61_01,64.8,15.3,62.7,1,29.31,0.20,0.66,,61_01,2,2,4,2
61_02,0,0,0,0,,61_02,64.7,16.8,62.6,1,27.53,0.06,0.68,,61_02,2,2,1,1
61_03,0,0,0,0,,61_03,64.6,18.4,62.2,1,28.15,0.27,0.65,,61_03,2,2,2,2
61_04,0,0,0,0,,61_04,64.6,20.0,60.8,0.927437446,29.71,0.29,0.65,,61_04,2,2,2,1
61_05,0,0,.,.,,61_05,64.4,21.2,59.7,1,26.20,0.36,0.64,,61_05,2,2,.,.
61_06,0,0,0,0,,61_06,53.4,11.2,51.5,1,16.75,0.01,0.66,,61_06,1,1,1,1
61_07,0,0,0,0,,61_07,53.3,13.1,51.3,1,26.48,0.01,0.67,,61_07,1,1,1,1
61_08,0,0,0,0,,61_08,53.4,14.9,51.4,1,27.57,0.07,0.65,,61_08,1,1,1,2
61_09,0,0,0,0,,61_09,53.1,16.7,50.9,1,24.55,0.01,0.66,,61_09,2,1,1,1
61_10,0,0,0,0,,61_10,52.0,18.3,49.7,1,28.60,0.07,0.66,,61_10,1,1,1,1
62_01,0,0,0,0,,62_01,63.0,22.6,58.4,1,19.94,0.28,0.64,,62_01,1,1,2,2
62_02,0,0,0,0,,62_02,61.2,24.1,57.0,0.626665528,11.84,0.30,0.63,,62_02,1,1,2,2
62_03,0,0,0,0,,62_03,59.7,25.5,55.9,0.153382163,7.71,0.16,0.63,,62_03,3,2,3,2
62_04,0,0,0,.,,62_04,58.3,26.8,55.1,0.187923012,4.37,0.13,0.63,,62_04,2,2,3,.
62_05,0,0,0,0,,62_05,57.2,27.9,54.0,0.009469203,5.95,0.04,0.63,,62_05,2,2,2,1
62_06,0,0,0,0,,62_06,55.2,29.8,52.4,0,19.51,0.03,0.65,,62_06,2,1,1,1
62_07,0,0,0,0,,62_07,53.8,31.4,50.6,0,23.57,0.01,0.66,,62_07,2,1,2,1
62_08,0,0,0,.,,62_08,52.2,33.1,49.0,0,30.05,0.01,0.67,,62_08,1,2,1,.
62_09,0,0,0,0,,62_09,61.2,26.0,55.4,0,34.49,0.29,0.65,,62_09,3,2,1,3
62_10,0,0,0,0,,62_10,59.4,27.9,53.6,0,32.36,0.18,0.65,,62_10,2,2,2,2
62_11,0,0,0,0,,62_11,57.8,29.5,51.9,0,26.10,0.15,0.65,,62_11,1,3,2,2
62_12,0,0,0,.,,62_12,56.8,30.0,51.1,0,11.36,0.29,0.61,,62_12,2,1,2,.
63_01,0,0,0,0,,63_01,48.9,37.2,43.5,0,32.09,0.35,0.64,,63_01,2,2,3,2
63_02,0,0,0,0,,63_02,47.8,38.3,42.2,0,34.12,0.19,0.66,,63_02,3,3,3,3
63_03,0,0,0,1,,63_03,46.4,38.0,40.8,0,32.91,0.13,0.66,,63_03,2,2,4,3
63_04,0,1,0,0,,63_04,46.1,36.5,40.3,0,33.79,0.23,0.64,,63_04,2,3,4,3
63_05,0,1,1,1,,63_05,46.3,34.8,40.2,0,33.96,0.33,0.63,,63_05,4,2,2,3
63_06,1,0,0,1,,63_06,46.3,33.1,40.2,0,31.53,0.25,0.64,,63_06,2,2,2,2
63_07,0,0,0,0,,63_07,45.7,31.6,39.4,0,28.99,0.28,0.63,,63_07,2,2,2,1
63_08,0,0,0,0,,63_08,44.7,30.1,38.3,0,32.67,0.35,0.63,,63_08,2,1,2,1
63_09,0,0,1,1,,63_09,43.4,29.4,36.8,0,31.29,0.15,0.65,,63_09,2,2,3,3
64_01,1,1,1,1,,64_01,38.8,29.9,32.1,0,5.38,0.11,0.61,,64_01,2,3,3,4
64_02,1,1,1,1,,64_02,36.9,30.3,30.3,0,4.76,0.33,0.59,,64_02,4,2,3,2
64_03,1,1,1,1,,64_03,35.2,31.0,28.6,0,5.46,0.31,0.60,,64_03,2,2,3,4
64_04,1,1,1,1,,64_04,33.6,31.3,27.0,0,8.09,0.23,0.61,,64_04,2,2,2,2
64_05,1,1,1,0,,64_05,31.9,31.7,25.3,0,4.36,0.35,0.60,,64_05,3,2,4,2
64_06,1,1,0,0,,64_06,30.5,31.9,24.0,0,0.44,0.53,0.59,,64_06,3,3,3,4
64_07,0,0,1,0,,64_07,28.9,32.5,22.5,0,0.43,0.65,0.58,,64_07,2,4,2,2
64_08,0,1,.,.,,64_08,27.8,33.0,21.4,0,2.03,0.61,0.59,,64_08,2,2,.,.
66_01,1,0,0,0,,66_01,3.3,35.5,0.9,0,66.55,0.30,0.72,,66_01,2,3,2,2
66_02,0,0,1,1,,66_02,4.4,36.9,2.4,0,9.48,0.29,0.64,,66_02,3,3,2,3
66_03,1,0,0,0,,66_03,5.8,38.4,4.1,0,4.04,0.29,0.63,,66_03,3,3,3,3
66_04,0,0,0,0,,66_04,7.1,39.4,5.6,0,4.08,0.55,0.60,,66_04,2,2,2,3
66_05,0,0,1,0,,66_05,8.4,40.1,7.1,0,7.04,0.38,0.62,,66_05,2,3,3,2
66_06,0,0,.,.,,66_06,9.6,40.8,8.3,0,4.40,0.55,0.60,,66_06,2,3,.,.
74_01,0,0,0,0,,74_01,10.0,9.3,0.8,0.876154955,2.83,0.61,0.53,,74_01,3,2,2,2
74_03,0,0,0,.,,74_03,11.1,10.6,0.5,0.833824148,4.04,0.20,0.54,,74_03,2,3,3,.
74_04,0,0,0,0,,74_04,12.1,11.4,3.1,1,18.20,0.64,0.61,,74_04,2,2,2,2
74_05,0,0,0,0,,74_05,14.0,13.2,5.0,1,16.57,0.59,0.62,,74_05,2,2,2,3
74_06,0,0,0,0,,74_06,15.9,15.1,6.7,1,13.83,0.70,0.60,,74_06,2,2,2,2
74_07,0,0,0,0,,74_07,17.6,16.9,8.4,1,14.77,0.92,0.57,,74_07,2,2,3,2
74_08,0,0,0,0,,74_08,19.5,18.8,9.9,1,13.59,0.89,0.58,,74_08,2,2,2,2
74_09,0,0,.,.,,74_09,21.0,20.2,11.0,1,28.75,0.76,0.60,,74_09,2,2,.,.
75_01,0,0,0,0,,75_01,22.6,21.9,12.0,1,35.11,0.50,0.64,,75_01,2,2,3,2
75_02,0,0,0,0,,75_02,24.5,23.8,13.4,1,13.76,0.83,0.60,,75_02,2,2,2,2
75_03,0,0,0,0,,75_03,25.4,25.6,14.9,1,27.06,0.86,0.64,,75_03,2,2,2,2
75_04,0,0,0,0,,75_04,25.6,27.6,16.2,1,30.39,0.63,0.64,,75_04,2,2,2,2
75_06,0,0,0,0,,75_06,25.5,29.6,17.4,1,30.60,0.79,0.60,,75_06,2,2,2,2
75_07,0,0,0,0,,75_07,25.9,31.6,18.8,1,28.42,0.70,0.63,,75_07,2,2,2,2
75_08,0,0,0,0,,75_08,26.3,33.5,20.3,1,19.16,0.73,0.63,,75_08,2,2,2,2
75_09,0,0,0,.,,75_09,27.1,35.2,21.7,1,31.44,0.79,0.64,,75_09,2,2,3,.
76_01,0,0,0,0,,76_01,28.0,37.3,23.5,1,56.85,0.70,0.63,,76_01,2,2,2,2
76_02,0,0,0,0,,76_02,28.9,37.6,25.2,1,33.34,0.54,0.63,,76_02,2,2,2,2
76_03,0,0,0,0,,76_03,30.0,35.7,26.9,1,15.14,0.77,0.61,,76_03,2,2,5,5
76_04,0,0,0,0,,76_04,32.1,31.5,30.2,1,33.76,0.56,0.64,,76_04,4,2,2,2
76_05,0,0,0,0,,76_05,30.7,32.0,29.1,1,21.64,0.71,0.61,,76_05,4,2,5,5
76_06,0,0,0,.,,76_06,29.7,32.4,28.3,1,16.61,0.60,0.61,,76_06,5,5,5,.
76_07,0,0,0,0,,76_07,37.4,26.5,35.7,1,14.70,0.78,0.59,,76_07,3,2,2,2
76_08,0,0,0,1,,76_08,35.7,28.3,33.9,1,3.48,0.93,0.60,,76_08,3,2,2,2
76_09,0,0,0,0,,76_09,33.9,30.1,32.0,1,22.40,0.77,0.61,,76_09,2,2,2,3
76_10,0,0,0,0,,76_10,32.5,31.9,30.4,1,36.14,0.69,0.61,,76_10,3,2,2,2
77_01,0,0,0,0,,77_01,53.5,14.5,51.9,1,29.67,0.29,0.65,,77_01,2,2,2,2
77_02,0,0,0,0,,77_02,52.2,15.9,50.4,1,42.88,0.14,0.67,,77_02,3,2,2,2
77_03,0,0,0,0,,77_03,50.3,17.1,48.5,1,20.08,0.31,0.62,,77_03,2,2,2,2
77_04,0,0,0,0,,77_04,48.6,18.7,46.6,1,14.60,0.29,0.60,,77_04,2,2,2,2
77_05,0,0,0,0,,77_05,47.1,20.2,44.9,1,19.80,0.34,0.62,,77_05,2,2,2,2
77_06,0,0,0,0,,77_06,45.2,21.4,43.1,1,14.52,0.30,0.63,,77_06,2,2,2,2
77_07,0,0,0,0,,77_07,43.4,22.3,41.4,1,14.96,0.16,0.65,,77_07,2,2,2,2
77_08,0,0,0,0,,77_08,41.6,23.1,39.8,1,14.99,0.38,0.62,,77_08,2,2,2,2
77_09,0,0,0,0,,77_09,39.8,24.3,38.1,1,18.35,0.52,0.60,,77_09,2,2,2,2
78_01,0,0,0,.,,78_01,57.3,0.5,55.3,1,43.77,0.41,0.61,,78_01,2,3,3,.
78_02,0,0,0,0,,78_02,59.6,2.4,57.6,1,48.28,0.79,0.58,,78_02,2,3,3,3
78_03,0,0,0,0,,78_03,61.3,4.1,59.4,1,23.67,0.52,0.58,,78_03,3,2,2,2
78_04,0,0,0,0,,78_04,63.1,5.9,61.1,1,3.39,0.19,0.61,,78_04,3,2,3,3
78_05,0,0,0,0,,78_05,57.3,0.9,55.3,1,29.30,0.68,0.56,,78_05,2,2,3,2
78_06,0,0,0,0,,78_06,57.3,2.8,55.2,1,2.82,0.78,0.52,,78_06,2,2,2,2
78_07,0,0,0,0,,78_07,57.4,4.7,55.4,1,1.53,0.63,0.53,,78_07,2,2,2,2
78_08,0,0,0,0,,78_08,57.0,6.5,55.9,1,4.47,0.58,0.54,,78_08,3,3,2,2
78_09,0,0,0,0,,78_09,56.6,8.2,55.6,1,16.85,0.65,0.54,,78_09,2,2,2,2
78_10,0,0,0,0,,78_10,55.3,9.8,54.2,1,15.97,0.60,0.58,,78_10,3,3,2,2
78_11,0,0,0,0,,78_11,53.6,11.1,52.4,1,5.30,0.47,0.59,,78_11,2,2,2,2
78_12,0,0,0,0,,78_12,53.4,12.4,52.1,1,1.85,0.27,0.61,,78_12,2,2,2,2
78_13,0,0,.,.,,78_13,54.1,13.1,52.7,1,8.65,0.21,0.64,,78_13,2,2,.,.
79_01,0,0,0,0,,79_01,65.1,7.9,63.1,1,15.48,0.24,0.60,,79_01,2,2,2,2
79_02,0,0,0,0,,79_02,66.9,9.7,64.9,1,32.60,0.05,0.65,,79_02,3,2,3,2
79_03,0,0,0,0,,79_03,68.6,11.4,66.7,1,45.61,0.14,0.66,,79_03,3,2,2,2
79_04,0,0,0,0,,79_04,70.6,13.4,68.6,1,66.88,0.21,0.68,,79_04,2,3,2,2
79_05,0,0,0,0,,79_05,72.3,15.1,70.4,1,68.35,0.23,0.68,,79_05,2,2,2,2
79_06,0,0,0,.,,79_06,73.6,16.4,71.7,1,60.72,0.22,0.66,,79_06,2,2,3,.
79_07,0,0,0,0,,79_07,65.4,8.4,63.5,1,15.91,0.23,0.60,,79_07,2,2,2,3
79_08,0,0,0,0,,79_08,65.2,8.7,63.3,1,19.94,0.26,0.61,,79_08,3,2,3,2
79_09,0,0,0,0,,79_09,65.1,9.4,63.2,1,20.08,0.17,0.64,,79_09,2,3,2,2
79_10,0,0,0,0,,79_10,65.8,10.8,64.0,1,24.32,0.09,0.66,,79_10,2,3,3,2
79_11,0,0,0,0,,79_11,66.2,12.1,64.4,1,19.80,0.14,0.66,,79_11,2,3,2,2
79_12,0,0,0,0,,79_12,65.9,13.0,64.0,1,15.48,0.39,0.62,,79_12,3,3,3,2
79_13,0,0,0,0,,79_13,65.3,13.9,63.4,1,17.98,0.53,0.62,,79_13,2,2,2,3
80_01,0,0,0,0,,80_01,66.9,20.4,61.2,1,6.03,0.33,0.62,,80_01,1,1,1,2
80_02,0,0,.,.,,80_02,66.4,20.5,60.7,1,6.60,0.48,0.59,,80_02,1,1,.,.
80_03,0,0,0,0,,80_03,67.1,20.9,61.2,0.930728396,7.01,0.29,0.63,,80_03,3,3,3,2
80_04,0,0,0,0,,80_04,66.1,21.8,60.2,0.211220542,7.70,0.62,0.59,,80_04,2,1,2,1
80_05,0,0,0,0,,80_05,64.4,23.4,58.4,0,14.62,0.18,0.63,,80_05,1,1,2,1
80_06,0,0,0,.,,80_06,62.8,24.5,57.0,0,31.44,0.18,0.65,,80_06,2,2,2,.
80_07,0,0,0,0,,80_07,71.4,25.7,64.9,1,31.40,0.31,0.64,,80_07,3,3,3,3
80_08,0,0,0,0,,80_08,71.7,24.1,65.2,1,17.56,0.22,0.64,,80_08,3,3,2,2
80_09,0,0,0,0,,80_09,71.5,22.9,65.1,0.982350445,17.58,0.50,0.62,,80_09,3,2,3,3
80_10,0,0,0,0,,80_10,71.2,21.9,65.0,0.992831232,23.71,0.26,0.65,,80_10,3,3,3,3
80_11,0,0,.,.,,80_11,70.4,21.7,64.1,1,15.69,0.07,0.66,,80_11,3,3,.,.
83_01,0,0,0,0,,83_01,27.3,22.9,25.7,1,90.21,0.04,0.75,,83_01,2,3,3,2
83_02,0,0,0,0,,83_02,25.4,24.8,24.0,1,82.37,0.30,0.73,,83_02,3,2,2,2
83_03,0,0,0,0,,83_03,24.5,26.0,23.2,0.999656328,98.64,0.46,0.73,,83_03,2,2,2,2
83_04,0,0,0,.,,83_04,24.4,26.5,23.2,0.683039852,135.10,0.13,0.78,,83_04,5,5,5,.
83_05,0,0,0,.,,83_05,23.7,26.3,22.3,1,15.85,0.39,0.64,,83_05,1,1,1,.
83_06,0,0,0,0,,83_06,30.0,20.5,28.6,1,107.95,0.05,0.75,,83_06,2,1,1,1
83_07,0,0,0,0,,83_07,28.3,22.1,26.9,1,115.79,0.05,0.77,,83_07,1,1,1,1
83_08,0,0,0,0,,83_08,26.5,24.0,25.2,1,126.53,0.09,0.78,,83_08,1,1,1,1
83_09,0,0,.,.,,83_09,25.6,25.3,24.3,1,142.93,0.10,0.78,,83_09,1,2,.,.
84_01,0,0,.,.,,84_01,22.5,28.1,21.3,0,110.48,0.08,0.75,,84_01,1,1,.,.
84_02,0,1,1,0,,84_02,21.2,29.1,20.0,0,113.29,0.12,0.75,,84_02,1,1,1,1
84_03,1,1,0,0,,84_03,20.0,30.0,18.6,0,107.12,0.12,0.75,,84_03,1,1,1,1
84_04,1,0,1,0,,84_04,18.7,31.0,17.3,0,106.73,0.11,0.75,,84_04,1,1,1,1
84_05,0,1,1,1,,84_05,17.1,32.6,15.6,0,108.20,0.10,0.76,,84_05,1,1,1,1
84_06,0,0,1,1,,84_06,15.4,34.2,13.8,0,105.90,0.27,0.75,,84_06,1,1,1,1
84_07,1,1,1,1,,84_07,14.0,35.5,12.3,0,112.75,0.34,0.75,,84_07,1,1,1,1
84_08,1,1,1,1,,84_08,12.6,36.9,10.8,0,111.61,0.15,0.76,,84_08,1,1,1,1
84_09,0,0,.,.,,84_09,11.5,38.0,9.6,0,105.30,0.24,0.75,,84_09,1,1,.,.
84_10,0,0,0,0,,84_10,13.1,36.6,11.7,0,84.61,0.13,0.74,,84_10,1,1,1,1
84_11,0,0,0,1,,84_11,11.4,38.3,9.9,0,49.81,0.14,0.70,,84_11,1,1,1,1
84_12,1,1,0,0,,84_12,9.7,39.8,8.2,0,17.87,0.06,0.66,,84_12,1,1,1,1
85_01,0,0,0,0,,85_01,7.2,42.3,5.8,0,1.85,0.22,0.62,,85_01,1,1,1,1
85_02,0,0,0,1,,85_02,5.3,44.2,4.2,0,5.76,0.12,0.65,,85_02,1,1,1,1
85_03,1,1,1,0,,85_03,3.3,46.1,2.9,0,5.41,0.22,0.65,,85_03,1,1,1,1
85_04,1,1,1,1,,85_04,1.5,47.9,1.2,0,32.61,0.35,0.69,,85_04,1,1,1,1
91_01,0,0,0,0,,91_01,3.1,3.2,0.2,0.456357622,37.97,0.57,0.31,,91_01,1,1,2,1
91_02,0,0,0,0,,91_02,4.5,4.4,0.7,0.991846483,26.85,0.75,0.60,,91_02,2,1,2,2
91_03,0,0,0,0,,91_03,6.2,6.0,1.1,1,29.00,0.38,0.65,,91_03,2,2,1,1
91_04,0,0,0,0,,91_04,7.8,7.7,0.9,1,25.46,0.44,0.63,,91_04,2,1,1,2
91_05,0,0,0,0,,91_05,9.5,9.4,1.4,1,18.09,0.57,0.61,,91_05,2,1,2,1
91_06,0,0,0,0,,91_06,10.4,11.1,1.9,1,9.15,0.41,0.61,,91_06,2,2,2,1
92_01,0,0,0,0,,92_01,10.4,12.9,3.1,1,7.75,0.66,0.60,,92_01,1,2,1,2
92_02,0,0,0,0,,92_02,10.5,14.7,4.1,1,4.93,0.56,0.63,,92_02,1,1,1,2
94_01,0,0,0,0,,94_01,41.7,31.8,36.3,1,29.99,0.76,0.59,,94_01,2,2,2,2
94_02,0,0,0,0,,94_02,43.1,32.3,37.4,1,14.19,0.47,0.59,,94_02,3,2,2,2
94_03,0,0,0,0,,94_03,44.7,33.0,38.5,1,22.68,0.47,0.60,,94_03,2,2,2,2
94_04,0,0,0,0,,94_04,46.4,33.7,39.8,1,21.88,0.44,0.61,,94_04,2,2,2,2
94_05,0,0,0,0,,94_05,48.2,34.5,41.2,1,7.07,0.45,0.59,,94_05,2,2,2,2
94_06,0,0,0,0,,94_06,49.8,35.5,42.4,1,3.94,0.38,0.61,,94_06,2,2,2,2
94_07,0,0,0,0,,94_07,50.7,36.8,43.5,1,1.26,0.49,0.57,,94_07,2,2,2,2
94_08,0,0,.,.,,94_08,50.9,37.9,43.8,1,0.23,0.05,0.62,,94_08,2,2,.,.
96_01,0,0,0,0,,96_01,73.9,26.9,69.9,1,4.49,0.04,0.65,,96_01,3,3,2,2
96_02,0,0,0,0,,96_02,72.5,25.3,68.7,1,24.52,0.07,0.67,,96_02,2,2,2,3
96_03,0,0,0,0,,96_03,72.6,24.1,69.1,1,38.12,0.10,0.68,,96_03,2,3,3,3
96_04,0,0,0,.,,96_04,73.7,24.0,70.4,1,32.44,0.14,0.66,,96_04,2,3,3,.
97_01,0,0,0,0,,97_01,75.1,18.0,73.2,1,58.08,0.27,0.65,,97_01,2,3,3,2
97_02,0,0,0,0,,97_02,77.0,19.8,74.3,1,58.83,0.13,0.67,,97_02,2,2,2,3
97_03,0,0,0,0,,97_03,78.7,21.6,73.9,1,66.63,0.18,0.68,,97_03,2,2,3,2
97_04,0,0,0,0,,97_04,79.6,23.5,73.1,1,63.77,0.25,0.69,,97_04,2,2,2,2
97_05,0,0,0,0,,97_05,78.7,25.3,72.1,1,52.52,0.06,0.69,,97_05,2,2,2,2
97_07,0,0,0,0,,97_07,75.0,24.0,72.0,1,13.10,0.12,0.64,,97_07,2,3,3,2
97_08,0,0,0,0,,97_08,76.3,23.9,73.5,1,7.99,0.25,0.62,,97_08,2,2,2,2
97_09,0,0,0,0,,97_09,77.7,24.2,75.1,1,13.53,0.08,0.65,,97_09,2,2,2,2
97_10,0,0,0,0,,97_10,83.1,32.7,76.8,1,1.74,0.08,0.63,,97_10,2,3,3,3
97_11,0,0,0,0,,97_11,82.4,31.0,76.0,1,9.50,0.02,0.64,,97_11,2,3,3,2
97_12,0,0,.,.,,97_12,82.4,29.6,75.8,1,10.33,0.00,0.64,,97_12,3,3,.,.
98_01,0,0,0,0,,98_01,76.8,27.7,70.2,1,13.31,0.10,0.64,,98_01,1,1,1,1
98_02,0,0,0,0,,98_02,76.1,29.6,69.5,1,8.90,0.21,0.63,,98_02,1,1,1,1
98_03,0,0,0,0,,98_03,75.7,31.5,69.2,1,13.81,0.12,0.64,,98_03,1,1,1,1
98_04,0,0,0,0,,98_04,75.3,31.3,68.9,1,43.81,0.00,0.69,,98_04,1,1,1,1
98_05,0,0,0,0,,98_05,74.3,29.5,68.2,1,63.53,0.04,0.71,,98_05,1,1,1,2
98_06,0,0,0,0,,98_06,73.0,27.6,67.2,1,62.47,0.02,0.71,,98_06,3,1,1,1
98_07,0,0,0,0,,98_07,72.0,25.8,66.3,1,76.47,0.04,0.72,,98_07,1,1,1,1
98_08,0,0,0,0,,98_08,70.5,24.1,65.0,1,62.75,0.14,0.70,,98_08,1,2,1,1
98_09,0,0,0,0,,98_09,68.6,22.5,63.2,1,59.27,0.21,0.69,,98_09,1,2,1,1
99_01,0,0,0,0,,99_01,66.8,20.8,61.5,1,59.24,0.11,0.71,,99_01,1,2,1,1
99_02,0,0,0,0,,99_02,65.3,19.0,60.3,1,58.73,0.07,0.70,,99_02,1,2,1,1
99_03,0,0,0,0,,99_03,64.2,17.2,59.4,1,66.06,0.03,0.71,,99_03,1,2,1,2
99_04,0,0,0,0,,99_04,56.4,7.3,54.6,1,3.03,0.03,0.64,,99_04,2,2,2,1
99_05,0,0,0,0,,99_05,57.7,8.9,55.7,1,5.75,0.05,0.64,,99_05,2,1,1,1
99_06,0,0,0,0,,99_06,59.4,10.3,57.2,1,48.51,0.11,0.69,,99_06,1,1,1,1
99_07,0,0,0,0,,99_07,60.6,11.7,57.6,1,58.73,0.14,0.70,,99_07,2,2,2,2
99_08,0,0,0,0,,99_08,62.1,13.5,58.2,1,63.29,0.09,0.71,,99_08,2,2,2,2
99_09,0,0,0,0,,99_09,63.5,15.3,59.0,1,68.40,0.07,0.72,,99_09,2,2,2,2
100_01,0,0,0,0,,100_01,49.2,0.8,47.0,1,75.04,0.27,0.70,,100_01,1,1,1,1
100_02,0,0,0,0,,100_02,47.7,2.5,45.5,1,9.30,0.15,0.64,,100_02,2,2,1,2
100_03,0,0,0,0,,100_03,46.0,4.3,43.7,1,0.39,0.05,0.64,,100_03,1,1,1,2
100_04,0,0,0,0,,100_04,44.3,5.8,42.0,1,0.34,0.10,0.63,,100_04,2,2,1,1
100_05,0,0,0,0,,100_05,43.1,6.6,41.0,1,0.79,0.08,0.63,,100_05,2,1,1,1
100_06,0,0,.,.,,100_06,41.8,7.7,39.8,1,0.12,0.03,0.63,,100_06,1,1,.,.
100_07,0,0,0,0,,100_07,50.2,1.0,48.1,1,78.06,0.16,0.72,,100_07,1,2,2,2
100_08,0,0,.,.,,100_08,50.9,2.3,48.5,1,16.02,0.03,0.66,,100_08,1,2,.,.
100_09,0,0,0,0,,100_09,50.6,1.2,48.7,1,112.16,0.14,0.75,,100_09,1,1,2,2
100_10,0,0,0,0,,100_10,49.7,0.9,47.9,1,98.29,0.35,0.72,,100_10,2,2,2,2
100_11,0,0,0,0,,100_11,48.1,1.8,46.3,1,97.21,0.41,0.72,,100_11,2,2,2,3
100_12,0,0,0,0,,100_12,46.5,3.4,44.6,1,84.73,0.60,0.68,,100_12,2,2,2,1
100_13,0,0,0,0,,100_13,44.6,5.1,42.8,1,102.46,0.27,0.73,,100_13,2,2,2,2
100_14,0,0,0,0,,100_14,43.5,6.6,41.8,1,72.91,0.28,0.70,,100_14,1,1,2,1
100_15,0,0,0,.,,100_15,43.1,7.5,41.4,1,27.27,0.41,0.63,,100_15,2,2,2,.
100_16,0,0,0,0,,100_16,50.6,1.2,48.7,1,112.19,0.14,0.75,,100_16,2,2,2,2
100_17,0,0,0,0,,100_17,52.5,2.9,50.5,1,105.82,0.16,0.75,,100_17,2,2,2,2
100_18,0,0,.,.,,100_18,53.8,4.2,51.9,1,116.54,0.21,0.76,,100_18,2,2,.,.
100_19,0,0,0,0,,100_19,55.2,5.7,53.3,1,60.16,0.21,0.70,,100_19,1,1,2,2
100_20,0,0,0,0,,100_20,41.8,8.9,40.1,1,42.14,0.56,0.64,,100_20,3,3,3,3
100_21,0,0,0,0,,100_21,40.1,10.3,38.3,1,101.15,0.80,0.68,,100_21,3,2,3,2
101_01,0,0,0,0,,101_01,39.9,9.5,38.0,1,0.01,0.09,0.63,,101_01,1,1,2,2
101_02,0,0,0,0,,101_02,38.3,11.2,36.4,1,1.50,0.23,0.62,,101_02,1,1,1,2
101_03,0,0,0,0,,101_03,36.9,12.8,35.0,1,26.79,0.24,0.65,,101_03,1,2,1,2
101_04,0,0,0,0,,101_04,35.4,14.4,33.6,1,73.12,0.24,0.71,,101_04,1,1,2,1
101_05,0,0,0,0,,101_05,33.7,16.3,31.9,1,88.45,0.20,0.74,,101_05,1,1,1,1
101_06,0,0,0,0,,101_06,31.9,18.1,30.2,1,95.36,0.16,0.75,,101_06,2,2,2,2
101_07,0,0,0,0,,101_07,30.1,20.0,28.6,1,96.23,0.05,0.75,,101_07,2,1,1,1
101_08,0,0,0,0,,101_08,38.4,12.0,36.6,1,107.10,0.52,0.71,,101_08,2,2,3,2
101_09,0,0,0,0,,101_09,36.5,13.7,34.8,1,114.47,0.33,0.74,,101_09,2,2,2,2
101_10,0,0,0,0,,101_10,34.9,15.5,33.2,1,107.87,0.17,0.75,,101_10,2,2,3,3
101_11,0,0,0,0,,101_11,33.1,17.2,31.5,1,114.93,0.08,0.75,,101_11,3,3,3,3
101_12,0,0,0,.,,101_12,31.6,18.7,30.1,1,112.87,0.09,0.76,,101_12,2,3,3,.
102_01,0,0,0,0,,102_01,22.5,27.1,20.7,0.5,0.02,0.20,0.63,,102_01,1,1,1,1
102_02,0,0,0,0,,102_02,21.8,27.7,19.9,0.5,0.29,0.20,0.62,,102_02,2,1,1,1
102_03,0,0,1,0,,102_03,21.3,28.5,19.2,0.5,0.11,0.03,0.64,,102_03,1,1,1,2
102_04,0,0,0,0,,102_04,20.8,29.4,18.2,0.5,0.01,0.25,0.62,,102_04,1,1,1,1
102_05,0,0,0,0,,102_05,20.0,30.4,17.3,0.5,0.87,0.47,0.60,,102_05,1,1,1,1
102_06,0,0,0,0,,102_06,19.4,31.4,16.6,0.5,6.10,0.65,0.59,,102_06,1,1,1,1
102_07,0,0,0,0,,102_07,18.9,32.6,15.8,0.5,8.60,0.24,0.63,,102_07,1,2,1,1
102_08,0,0,0,0,,102_08,18.5,33.8,15.1,0.5,23.99,0.22,0.65,,102_08,1,1,1,1
102_09,0,0,0,0,,102_09,18.3,35.0,14.6,0.5,46.49,0.25,0.69,,102_09,1,2,1,1
102_10,0,0,0,0,,102_10,18.4,36.2,14.4,0.5,16.59,0.32,0.64,,102_10,1,1,1,1
103_01,0,1,1,1,,103_01,9.1,41.1,6.8,0,112.84,0.29,0.77,,103_01,1,1,1,1
103_02,1,0,0,1,,103_02,8.3,42.1,5.9,0,106.51,0.19,0.76,,103_02,1,1,1,1
103_03,1,0,0,1,,103_03,7.0,43.3,4.5,0,105.93,0.32,0.76,,103_03,1,1,1,1
103_04,0,0,1,1,,103_04,5.9,44.4,3.2,0,105.85,0.27,0.77,,103_04,1,2,2,2
103_05,0,0,.,.,,103_05,5.9,44.5,3.2,0,74.52,0.18,0.73,,103_05,2,2,.,.
103_06,0,0,0,0,,103_06,6.1,45.0,3.0,0,31.00,0.09,0.68,,103_06,2,2,2,2
103_07,0,0,.,.,,103_07,7.0,44.9,3.2,0,0.47,0.19,0.62,,103_07,1,1,.,.
105_01,1,1,1,1,,105_01,17.6,50.1,9.9,0,5.72,0.04,0.63,,105_01,2,2,2,2
105_02,1,1,1,1,,105_02,15.9,50.9,9.8,0,4.98,0.16,0.62,,105_02,2,2,2,3
105_03,0,1,1,1,,105_03,14.2,52.1,8.6,0,2.96,0.05,0.62,,105_03,3,2,2,2
105_04,1,0,1,1,,105_04,12.5,53.2,7.6,0,0.84,0.18,0.61,,105_04,2,2,2,2
105_05,1,1,1,1,,105_05,10.6,54.2,6.2,0,0.03,0.03,0.63,,105_05,2,3,3,3
105_06,1,1,1,0,,105_06,8.8,55.5,4.8,0,0.00,0.16,0.62,,105_06,2,2,2,2
105_07,0,1,1,1,,105_07,6.9,57.0,3.3,0,0.36,0.24,0.62,,105_07,2,2,2,2
105_08,1,1,1,0,,105_08,4.9,58.7,1.5,0,18.12,0.02,0.67,,105_08,3,3,3,3
110_01,0,0,0,0,,110_01,11.3,17.0,4.8,1,2.39,0.48,0.62,,110_01,1,2,2,2
110_02,0,0,0,0,,110_02,12.3,18.8,5.6,1,2.15,0.73,0.59,,110_02,2,2,2,2
110_03,0,0,0,0,,110_03,13.9,20.7,7.0,1,11.67,0.56,0.64,,110_03,2,2,2,2
110_04,0,0,0,0,,110_04,15.6,22.4,8.0,1,15.81,0.76,0.61,,110_04,2,1,1,1
110_05,0,0,0,0,,110_05,16.8,24.3,8.1,1,4.02,0.91,0.58,,110_05,2,2,1,2
110_06,0,0,0,0,,110_06,18.0,26.2,8.3,1,1.80,0.75,0.60,,110_06,2,2,2,2
110_07,0,0,0,0,,110_07,18.6,27.8,8.3,1,2.47,0.79,0.60,,110_07,1,2,2,2
110_08,0,1,0,0,,110_08,19.5,29.6,9.1,1,13.64,0.95,0.62,,110_08,2,2,2,2
110_09,0,0,0,0,,110_09,20.9,31.5,10.5,1,18.80,0.81,0.61,,110_09,2,1,2,2
110_10,0,0,.,.,,110_10,21.5,32.8,11.3,1,16.71,0.72,0.60,,110_10,2,2,.,.
112_01,0,0,0,0,,112_01,51.7,39.2,43.7,1,7.76,0.21,0.62,,112_01,3,2,3,2
112_02,0,0,0,0,,112_02,52.5,40.0,44.1,1,16.20,0.11,0.65,,112_02,2,3,2,3
112_03,0,0,.,.,,112_03,53.1,40.7,44.5,1,11.91,0.10,0.64,,112_03,2,2,.,.
112_04,0,0,0,0,,112_04,52.4,50.0,42.4,1,10.49,0.18,0.64,,112_04,2,2,1,1
112_05,0,0,0,0,,112_05,53.1,48.2,43.3,1,16.98,0.22,0.65,,112_05,1,1,2,1
112_06,0,0,0,0,,112_06,53.3,46.5,43.7,1,17.24,0.21,0.65,,112_06,1,1,1,1
113_01,0,0,0,0,,113_01,67.6,35.2,58.6,1,37.27,0.01,0.69,,113_01,3,4,4,3
113_02,0,0,.,.,,113_02,66.2,35.9,57.3,1,37.28,0.01,0.69,,113_02,4,4,.,.
114_01,0,0,0,0,,114_01,77.8,42.2,68.1,1,26.98,0.05,0.68,,114_01,1,2,2,2
114_02,0,0,0,0,,114_02,79.3,41.3,69.7,1,29.02,0.15,0.66,,114_02,1,2,2,2
114_03,0,0,0,0,,114_03,80.6,40.2,71.1,1,20.63,0.14,0.66,,114_03,2,2,2,2
114_04,0,0,0,0,,114_04,82.2,40.4,72.7,1,20.17,0.15,0.66,,114_04,1,2,2,1
114_06,0,0,0,0,,114_06,75.5,30.7,70.8,1,11.36,0.02,0.65,,114_06,3,2,3,2
114_07,0,0,0,0,,114_07,75.0,29.0,70.6,1,0.06,0.07,0.64,,114_07,2,2,3,3
114_08,0,0,0,0,,114_08,71.1,33.5,63.5,1,54.30,0.19,0.68,,114_08,3,3,3,3
114_09,0,0,0,0,,114_09,69.6,33.7,61.7,1,42.55,0.13,0.67,,114_09,3,3,3,3
115_01,0,0,0,0,,115_01,84.4,40.1,75.2,1,18.49,0.13,0.65,,115_01,2,2,2,2
115_02,0,0,0,0,,115_02,84.6,39.0,76.4,1,14.72,0.12,0.63,,115_02,1,2,2,2
115_03,0,0,0,0,,115_03,84.7,37.9,77.6,1,16.13,0.26,0.62,,115_03,2,2,1,1
115_04,0,0,0,0,,115_04,84.4,36.5,78.6,1,22.99,0.04,0.66,,115_04,2,1,2,2
115_05,0,0,0,0,,115_05,84.4,35.4,79.5,1,41.17,0.07,0.68,,115_05,2,2,2,2
115_06,0,0,0,0,,115_06,87.7,36.9,81.7,1,28.32,0.21,0.64,,115_06,2,2,2,2
115_07,0,0,0,0,,115_07,86.1,35.6,80.1,1,20.26,0.04,0.66,,115_07,2,2,2,2
115_08,0,0,0,0,,115_08,84.8,34.2,78.5,1,11.22,0.08,0.65,,115_08,2,2,2,2
116_01,0,0,0,0,,116_01,72.0,22.7,67.3,1,0.09,0.02,0.63,,116_01,2,2,2,2
116_02,0,0,0,0,,116_02,73.7,24.3,69.1,1,0.11,0.02,0.63,,116_02,2,2,2,2
116_03,0,0,0,0,,116_03,75.3,25.9,70.7,1,0.00,0.03,0.63,,116_03,2,2,2,2
116_04,0,0,0,0,,116_04,77.2,27.7,72.4,1,0.00,0.06,0.64,,116_04,3,2,2,3
116_05,0,0,.,.,,116_05,78.6,29.1,73.6,1,2.57,0.12,0.63,,116_05,3,3,.,.
116_06,0,0,0,0,,116_06,80.3,30.8,75.2,1,40.57,0.09,0.68,,116_06,3,3,2,2
116_07,0,0,0,0,,116_07,81.7,32.1,76.9,1,47.64,0.03,0.70,,116_07,3,3,2,3
116_09,0,0,0,0,,116_09,85.6,36.7,80.2,1,29.18,0.03,0.68,,116_09,1,2,2,2
116_10,0,0,0,0,,116_10,84.2,35.0,78.9,1,36.12,0.18,0.67,,116_10,2,2,4,2
117_01,0,0,0,0,,117_01,58.3,8.9,55.9,1,122.69,0.08,0.75,,117_01,2,1,1,1
117_02,0,0,0,0,,117_02,59.3,10.2,56.8,1,115.57,0.10,0.75,,117_02,1,1,1,2
117_03,0,0,0,0,,117_03,60.8,11.8,58.1,1,106.27,0.15,0.74,,117_03,2,1,2,2
117_04,0,0,0,0,,117_04,62.3,13.5,59.5,1,117.15,0.10,0.74,,117_04,1,1,1,2
117_05,0,0,0,0,,117_05,63.7,15.1,61.0,1,109.38,0.11,0.74,,117_05,1,2,1,2
117_06,0,0,.,.,,117_06,64.6,16.3,61.8,1,104.52,0.18,0.73,,117_06,1,2,.,.
117_07,0,0,0,0,,117_07,65.8,17.5,63.0,1,68.38,0.43,0.68,,117_07,2,2,2,2
117_08,0,0,0,0,,117_08,67.0,19.0,64.0,1,58.43,0.26,0.68,,117_08,2,2,1,2
117_09,0,0,0,0,,117_09,68.4,20.3,65.5,1,35.38,0.12,0.67,,117_09,2,2,2,2
117_10,0,0,0,0,,117_10,69.1,21.3,66.1,1,56.19,0.13,0.69,,117_10,1,3,2,2
117_11,0,0,0,0,,117_11,70.2,22.7,67.2,1,62.92,0.25,0.69,,117_11,2,2,2,2
118_01,0,0,0,0,,118_01,52.0,3.8,49.5,1,4.78,0.09,0.64,,118_01,2,2,2,2
118_02,0,0,0,0,,118_02,53.1,5.7,50.5,1,2.34,0.18,0.62,,118_02,2,2,2,2
118_03,0,0,0,0,,118_03,54.6,7.5,51.8,1,1.54,0.05,0.63,,118_03,2,2,2,2
118_04,0,0,0,0,,118_04,55.8,9.4,53.0,1,1.86,0.15,0.62,,118_04,2,2,2,2
118_05,0,0,0,0,,118_05,56.3,11.0,53.3,1,2.36,0.20,0.62,,118_05,2,2,2,2
118_06,0,0,0,0,,118_06,57.2,12.8,54.1,1,0.59,0.24,0.62,,118_06,2,2,2,2
118_07,0,0,0,0,,118_07,58.2,14.7,55.0,1,0.00,0.33,0.61,,118_07,2,2,1,1
118_08,0,0,0,0,,118_08,59.5,16.6,56.2,1,0.00,0.19,0.61,,118_08,1,2,2,2
118_09,0,0,0,0,,118_09,56.5,6.9,54.2,1,138.61,0.07,0.76,,118_09,1,2,2,2
121_01,0,0,0,0,,121_01,19.2,39.2,13.7,0.5,0.00,0.35,0.61,,121_01,1,1,2,1
121_02,0,0,0,1,,121_02,19.4,40.8,13.1,0.5,0.00,0.51,0.60,,121_02,1,1,1,2
121_03,0,0,0,0,,121_03,19.6,41.7,12.6,0.5,0.09,0.31,0.61,,121_03,1,1,2,2
121_04,0,0,0,0,,121_04,19.9,40.5,12.4,0.5,1.13,0.46,0.60,,121_04,1,1,1,4
121_05,0,0,0,0,,121_05,20.5,39.0,12.4,0.5,4.52,0.12,0.64,,121_05,4,4,2,2
121_06,0,0,0,0,,121_06,21.2,37.7,12.7,0.5,3.42,0.24,0.62,,121_06,1,1,1,1
121_07,0,0,0,0,,121_07,22.1,36.3,13.4,0.5,0.94,0.78,0.56,,121_07,1,1,2,4
121_08,0,0,0,0,,121_08,23.1,35.0,14.2,0.5,6.85,0.08,0.63,,121_08,4,4,4,3
121_09,0,0,0,.,,121_09,24.1,34.0,15.1,0.5,7.26,0.06,0.63,,121_09,2,3,2,.
122_01,0,0,0,0,,122_01,25.6,32.7,16.4,0.5,0.79,0.48,0.59,,122_01,1,1,1,2
122_02,0,0,0,0,,122_02,26.9,31.7,17.6,0.5,0.00,0.40,0.59,,122_02,1,1,1,1
122_03,0,0,0,0,,122_03,27.3,30.7,18.9,0.5,0.00,0.71,0.56,,122_03,1,2,1,1
122_04,0,0,0,0,,122_04,25.5,29.8,20.0,0.5,0.00,0.54,0.58,,122_04,1,1,1,1
122_05,0,0,0,.,,122_05,23.9,29.1,19.0,0.5,0.00,0.42,0.59,,122_05,2,2,2,.
122_06,0,0,0,0,,122_06,28.0,30.4,18.9,1,0.00,0.76,0.56,,122_06,2,3,3,3
123_01,1,1,0,0,,123_01,14.9,37.4,8.8,0,0.57,0.00,0.62,,123_01,3,3,3,3
123_02,1,1,1,0,,123_02,16.7,38.0,10.6,0,0.00,0.00,0.62,,123_02,2,2,1,1
123_03,1,1,1,1,,123_03,18.3,38.5,12.3,0,0.00,0.02,0.61,,123_03,2,2,1,2
123_04,1,1,1,1,,123_04,19.8,39.6,14.1,0,0.12,0.05,0.61,,123_04,2,1,2,1
123_05,1,1,1,0,,123_05,20.2,40.9,15.6,0,0.29,0.03,0.61,,123_05,1,1,2,2
123_06,1,0,1,1,,123_06,19.7,42.7,16.1,0,3.80,0.06,0.61,,123_06,2,2,2,2
123_07,1,1,0,0,,123_07,19.1,44.5,14.7,0,15.04,0.06,0.63,,123_07,2,1,2,2
123_08,1,1,1,1,,123_08,18.7,46.4,12.8,0,27.19,0.19,0.64,,123_08,2,2,2,2
123_09,1,1,0,1,,123_09,19.3,48.0,11.3,0,23.60,0.19,0.64,,123_09,2,2,2,2
124_01,0,0,0,0,,124_01,12.9,40.0,7.8,0,22.70,0.00,0.65,,124_01,1,1,1,1
124_02,0,0,0,0,,124_02,11.2,41.6,7.2,0,22.23,0.00,0.65,,124_02,1,1,1,1
124_03,0,1,0,0,,124_03,9.3,43.2,6.5,0,44.94,0.00,0.69,,124_03,1,1,1,1
124_04,0,1,1,0,,124_04,7.5,44.7,5.5,0,43.89,0.00,0.69,,124_04,2,2,2,2
124_05,1,1,1,1,,124_05,5.7,46.3,4.3,0,21.72,0.03,0.67,,124_05,2,2,2,2
124_06,1,0,1,1,,124_06,3.6,48.0,2.9,0,18.57,0.02,0.68,,124_06,1,1,2,1
124_07,1,1,1,1,,124_07,1.7,49.8,1.6,0,23.57,0.00,0.69,,124_07,1,1,1,1
124_08,0,1,.,.,,124_08,0.5,51.2,0.8,0,41.78,0.00,0.52,,124_08,2,2,.,.
125_01,1,1,1,1,,125_01,1.4,53.4,0.3,0,41.02,0.04,0.29,,125_01,2,2,2,2
125_02,1,1,1,1,,125_02,0.9,55.2,0.2,0,12.55,0.01,0.38,,125_02,2,2,2,2
125_03,1,1,1,1,,125_03,2.1,57.0,0.3,0,9.40,0.01,0.42,,125_03,2,2,2,2
125_04,1,1,1,1,,125_04,2.7,58.8,0.2,0,18.51,0.03,0.29,,125_04,1,2,5,5
127_01,1,1,1,1,,127_01,8.6,30.4,2.9,0,4.13,0.86,0.59,,127_01,2,2,2,2
127_02,0,1,0,0,,127_02,10.3,31.2,4.6,0,4.76,0.91,0.59,,127_02,2,1,1,2
127_03,0,0,0,0,,127_03,12.1,32.4,6.2,0,3.05,0.82,0.59,,127_03,2,2,3,2
127_04,0,0,0,1,,127_04,14.1,33.9,7.6,0,5.51,0.88,0.60,,127_04,3,3,2,3
128_01,1,1,1,1,,128_01,22.7,34.6,12.7,1,14.73,0.72,0.61,,128_01,2,2,3,2
128_02,0,0,0,0,,128_02,24.3,36.3,14.3,1,7.78,0.78,0.59,,128_02,3,2,2,3
128_03,0,0,0,0,,128_03,26.0,38.1,16.2,1,5.91,0.91,0.60,,128_03,3,3,3,3
128_04,0,0,0,0,,128_04,15.9,35.2,9.2,0,17.92,0.80,0.61,,128_04,2,2,3,2
128_05,1,0,0,1,,128_05,17.9,36.6,10.9,0,11.03,0.78,0.60,,128_05,2,3,2,2
128_06,1,1,1,1,,128_06,19.9,38.3,12.5,0,11.35,0.95,0.58,,128_06,2,3,3,3
128_07,1,1,1,1,,128_07,21.8,39.8,14.4,0,10.76,0.98,0.58,,128_07,3,3,2,3
128_08,1,1,1,1,,128_08,23.7,41.4,16.2,0,23.25,0.75,0.61,,128_08,3,2,2,3
129_01,0,1,0,0,,129_01,27.7,39.8,17.9,1,9.58,0.85,0.61,,129_01,2,3,3,3
129_02,0,0,0,0,,129_02,29.3,41.5,19.7,1,10.02,0.76,0.60,,129_02,3,3,3,3
129_03,0,0,0,0,,129_03,31.0,43.3,21.4,1,7.04,0.86,0.58,,129_03,3,3,3,3
129_04,0,0,0,0,,129_04,32.5,45.2,23.1,0.901214224,4.74,0.56,0.62,,129_04,3,3,3,3
130_01,0,0,0,0,,130_01,55.2,54.2,44.8,1,3.30,0.54,0.61,,130_01,1,1,2,2
130_02,0,0,0,0,,130_02,54.5,53.0,44.1,1,12.19,0.35,0.63,,130_02,1,2,1,2
130_03,0,0,0,0,,130_03,53.2,52.3,42.8,1,15.42,0.15,0.65,,130_03,2,2,2,2
130_04,0,0,.,.,,130_04,52.3,51.4,42.1,1,6.09,0.15,0.63,,130_04,1,2,.,.
131_01,0,0,0,0,,131_01,70.9,46.2,60.7,1,30.63,0.31,0.65,,131_01,1,1,1,2
131_02,0,0,0,0,,131_02,69.0,47.5,58.8,1,37.18,0.33,0.65,,131_02,1,1,1,2
131_03,0,0,0,0,,131_03,67.1,48.7,56.9,1,41.40,0.34,0.64,,131_03,1,1,2,1
131_04,0,0,0,0,,131_04,65.4,49.8,55.0,1,42.47,0.32,0.66,,131_04,2,1,2,1
131_05,0,0,0,0,,131_05,63.4,51.2,53.1,1,37.34,0.25,0.66,,131_05,1,1,1,2
131_06,0,0,0,0,,131_06,61.6,52.7,51.3,1,41.57,0.12,0.70,,131_06,1,1,1,1
131_07,0,0,0,0,,131_07,60.1,54.5,49.7,1,36.78,0.15,0.68,,131_07,1,1,1,1
131_08,0,0,0,0,,131_08,59.0,55.5,48.7,1,25.98,0.15,0.67,,131_08,1,1,2,1
131_09,0,0,0,0,,131_09,57.6,54.9,47.1,1,13.51,0.35,0.64,,131_09,1,1,1,2
132_01,0,0,0,0,,132_01,73.3,47.0,62.9,1,9.81,0.14,0.65,,132_01,1,1,1,1
132_02,0,0,0,0,,132_02,74.2,47.9,63.9,1,9.28,0.28,0.63,,132_02,1,1,1,1
132_03,0,0,0,0,,132_03,75.8,48.2,65.4,1,20.11,0.43,0.63,,132_03,1,2,1,1
132_04,0,0,0,0,,132_04,77.4,48.7,66.9,1,15.68,0.55,0.61,,132_04,2,1,1,1
132_05,0,0,0,0,,132_05,78.8,49.3,68.4,1,15.90,0.70,0.60,,132_05,2,2,1,1
132_06,0,0,0,0,,132_06,80.1,50.3,69.7,1,12.84,0.44,0.62,,132_06,2,2,2,1
132_07,0,0,0,0,,132_07,81.4,50.2,71.1,1,19.34,0.27,0.64,,132_07,1,1,2,1
132_08,0,0,0,0,,132_08,81.4,48.9,71.2,1,20.81,0.16,0.66,,132_08,2,1,1,1
132_09,0,0,0,0,,132_09,80.7,47.3,70.6,1,9.63,0.53,0.61,,132_09,2,2,2,2
132_10,0,0,0,0,,132_10,79.5,45.7,69.6,1,11.68,0.43,0.62,,132_10,2,2,2,2
133_01,0,0,0,.,,133_01,87.9,44.7,77.6,1,53.77,0.02,0.71,,133_01,3,2,3,.
134_01,0,0,0,0,,134_01,78.5,30.8,75.4,1,60.28,0.44,0.67,,134_01,3,2,2,3
134_02,0,0,0,0,,134_02,80.0,32.3,77.0,1,63.70,0.53,0.63,,134_02,3,3,3,3
134_03,0,0,0,0,,134_03,81.5,33.9,78.3,1,67.26,0.70,0.63,,134_03,3,3,2,2
134_04,0,0,0,0,,134_04,83.1,35.5,80.0,1,60.27,0.70,0.64,,134_04,3,2,2,3
134_05,0,0,.,.,,134_05,84.4,36.7,81.3,1,47.79,0.30,0.67,,134_05,3,3,.,.
135_01,0,0,0,0,,135_01,73.0,25.3,69.9,1,56.22,0.14,0.69,,135_01,2,2,2,2
135_02,0,0,.,.,,135_02,74.0,26.2,71.0,1,40.42,0.03,0.68,,135_02,2,2,.,.
135_03,0,0,0,0,,135_03,73.0,25.3,69.9,1,56.22,0.14,0.69,,135_03,3,2,2,3
135_04,0,0,0,0,,135_04,74.4,26.5,71.4,1,34.53,0.05,0.68,,135_04,2,3,2,3
135_05,0,0,0,0,,135_05,76.1,27.9,73.0,1,30.52,0.03,0.68,,135_05,3,3,2,3
135_06,0,0,0,.,,135_06,77.2,29.2,74.1,1,56.43,0.27,0.69,,135_06,3,3,2,.
136_01,0,0,0,0,,136_01,68.1,31.9,61.8,1,0.00,0.46,0.56,,136_01,1,2,1,1
136_02,0,0,0,0,,136_02,68.3,30.3,63.2,1,0.00,0.53,0.57,,136_02,1,1,1,1
136_03,0,0,0,0,,136_03,67.2,28.5,63.5,1,0.00,0.44,0.58,,136_03,1,1,1,2
136_04,0,0,0,0,,136_04,65.7,26.6,62.1,1,0.00,0.24,0.60,,136_04,2,1,1,1
136_05,0,0,0,0,,136_05,64.5,24.7,60.9,1,0.00,0.15,0.61,,136_05,1,1,1,1
136_06,0,0,0,0,,136_06,63.2,22.8,59.8,1,0.00,0.10,0.62,,136_06,1,1,2,1
136_07,0,0,0,0,,136_07,62.3,21.0,58.9,1,0.00,0.17,0.60,,136_07,2,1,1,2
136_08,0,0,0,0,,136_08,61.3,19.1,58.0,1,0.01,0.24,0.59,,136_08,1,2,1,1
140_01,0,0,0,0,,140_01,22.1,28.4,17.2,0.5,0.00,0.31,0.61,,140_01,2,2,3,2
140_02,0,0,0,0,,140_02,20.3,27.9,15.5,0.5,0.00,0.28,0.61,,140_02,2,2,2,1
140_03,0,0,0,0,,140_03,18.8,27.5,14.1,0.5,0.00,0.12,0.63,,140_03,3,2,3,2
140_04,0,0,0,0,,140_04,17.2,27.1,12.5,0.5,0.00,0.04,0.63,,140_04,2,1,2,1
140_06,0,0,0,0,,140_06,13.7,15.7,6.7,1,0.94,0.00,0.65,,140_06,2,2,1,1
140_07,0,0,0,0,,140_07,14.4,17.4,7.9,1,3.38,0.06,0.65,,140_07,1,1,1,2
140_08,0,0,0,0,,140_08,15.6,19.0,9.4,1,6.06,0.02,0.66,,140_08,2,2,2,2
140_09,0,0,0,0,,140_09,16.6,20.8,10.9,1,22.12,0.05,0.68,,140_09,2,3,2,2
141_01,0,0,0,0,,141_01,15.0,26.9,10.5,0.5,0.09,0.00,0.63,,141_01,2,2,2,2
141_02,0,0,0,.,,141_02,13.5,26.8,9.0,0.5,3.08,0.00,0.64,,141_02,2,2,2,.
141_03,0,0,0,0,,141_03,12.4,27.1,7.7,0.5,5.34,0.00,0.65,,141_03,2,2,2,2
141_04,0,0,0,0,,141_04,10.9,27.1,5.9,0.5,2.62,0.00,0.64,,141_04,2,2,3,2
141_05,0,0,0,0,,141_05,9.1,27.2,4.1,0.5,10.29,0.06,0.66,,141_05,2,2,3,3
141_07,0,0,0,0,,141_07,8.3,25.9,3.5,1,22.04,0.14,0.70,,141_07,2,2,2,2
141_08,0,0,0,0,,141_08,7.9,24.2,3.5,1,31.81,0.08,0.70,,141_08,1,2,2,1
141_09,0,0,0,0,,141_09,8.1,22.4,3.4,1,50.04,0.01,0.71,,141_09,1,2,1,2
141_10,0,0,0,0,,141_10,9.0,21.1,4.0,1,48.30,0.00,0.71,,141_10,1,1,2,3
147_01,0,0,0,0,,147_01,41.5,54.7,32.5,0,15.06,0.96,0.59,,147_01,3,2,2,3
147_02,0,0,0,0,,147_02,42.9,55.6,33.8,0,5.12,0.93,0.58,,147_02,2,3,3,2
147_03,0,0,1,0,,147_03,44.4,56.9,35.3,0,12.70,0.63,0.59,,147_03,3,2,2,3
147_04,0,0,0,0,,147_04,45.3,58.3,36.6,0,14.56,0.49,0.61,,147_04,2,2,2,2
147_05,0,0,0,0,,147_05,45.7,57.5,38.3,0,6.35,0.88,0.58,,147_05,2,2,3,2
147_06,0,0,.,.,,147_06,45.9,56.2,39.6,0,3.34,0.98,0.59,,147_06,2,3,.,.
147_07,0,0,0,0,,147_07,39.9,53.8,31.2,0,21.20,0.87,0.59,,147_07,2,2,2,2
147_08,0,0,0,0,,147_08,38.5,52.9,30.0,0,29.36,0.39,0.63,,147_08,2,2,3,3
147_09,0,0,0,0,,147_09,36.9,52.0,28.6,0,24.58,0.80,0.60,,147_09,2,2,3,2
147_10,0,0,0,1,,147_10,35.4,51.1,27.5,0,6.86,0.82,0.59,,147_10,5,5,5,5
147_11,0,0,.,.,,147_11,34.1,50.3,26.4,0,1.12,0.97,0.60,,147_11,5,5,.,.
148_01,0,0,0,0,,148_01,46.4,54.7,41.1,0,3.99,0.97,0.58,,148_01,3,2,2,3
148_02,0,0,0,0,,148_02,47.9,53.4,42.4,0,8.71,0.95,0.59,,148_02,2,2,2,2
148_03,0,0,0,0,,148_03,49.6,52.6,43.2,0,13.61,0.93,0.59,,148_03,4,4,2,2
148_04,0,0,0,0,,148_04,51.4,52.4,43.6,0,22.54,0.83,0.60,,148_04,2,2,4,2
148_05,0,0,.,.,,148_05,52.6,52.5,43.7,0,36.54,0.84,0.60,,148_05,1,2,.,.
149_01,0,0,0,0,,149_01,72.7,44.8,62.5,1,28.71,0.08,0.67,,149_01,1,2,2,2
149_02,0,0,1,0,,149_02,61.1,42.8,52.2,0,35.21,0.69,0.62,,149_02,2,3,2,3
149_03,0,0,0,1,,149_03,62.3,41.5,52.6,0.152329904,51.43,0.25,0.68,,149_03,2,3,3,2
149_04,1,0,0,1,,149_04,61.7,40.9,51.3,0.5,50.64,0.41,0.68,,149_04,3,3,4,3
149_05,1,1,0,1,,149_05,61.8,39.4,50.3,0.5,40.38,0.79,0.64,,149_05,3,3,3,4
149_06,1,1,1,.,,149_06,62.2,38.0,49.4,0.5,43.70,0.72,0.64,,149_06,3,3,3,.
150_01,0,0,0,0,,150_01,78.2,39.5,67.0,1,37.71,0.33,0.65,,150_01,1,1,1,2
150_02,0,0,0,0,,150_02,79.5,39.5,68.3,1,35.33,0.17,0.68,,150_02,1,2,2,2
150_03,0,0,0,0,,150_03,81.1,39.5,69.8,1,41.82,0.26,0.68,,150_03,2,3,3,2
150_04,0,0,0,0,,150_04,82.1,40.4,71.5,1,36.05,0.20,0.67,,150_04,2,2,3,2
150_05,0,0,0,0,,150_05,82.9,41.6,72.6,1,34.57,0.11,0.68,,150_05,2,3,2,2
150_06,0,0,0,0,,150_06,83.9,42.8,73.5,1,36.55,0.13,0.68,,150_06,3,2,2,2
150_08,0,0,0,0,,150_08,76.9,39.3,65.5,1,55.67,0.18,0.68,,150_08,2,2,2,2
150_09,0,0,.,.,,150_09,75.8,39.8,65.0,1,59.17,0.08,0.68,,150_09,2,4,.,.
150_10,0,0,0,0,,150_10,76.3,39.9,65.7,1,48.62,0.22,0.67,,150_10,2,1,2,1
150_11,0,0,0,0,,150_11,75.1,41.6,64.9,1,37.58,0.45,0.61,,150_11,1,2,1,1
153_01,0,0,0,0,,153_01,62.6,41.0,58.4,1,1.36,0.52,0.56,,153_01,2,3,3,2
153_02,0,0,0,0,,153_02,63.5,41.6,59.5,1,1.37,0.51,0.56,,153_02,3,3,3,2
153_03,0,0,0,0,,153_03,64.1,42.0,60.2,1,2.17,0.47,0.57,,153_03,2,2,2,3
153_04,0,0,0,0,,153_04,64.5,42.3,60.3,1,3.15,0.24,0.60,,153_04,3,2,2,3
154_01,0,0,0,0,,154_01,51.9,32.7,45.7,1,23.61,0.10,0.67,,154_01,1,1,1,2
154_02,0,0,0,0,,154_02,53.7,34.2,47.6,1,30.72,0.17,0.67,,154_02,1,1,1,1
154_03,0,0,0,0,,154_03,55.4,36.0,49.1,1,18.20,0.06,0.65,,154_03,1,2,2,1
154_04,0,0,0,0,,154_04,57.1,37.6,50.8,1,6.56,0.11,0.63,,154_04,1,2,2,2
154_05,0,0,0,0,,154_05,59.0,37.3,52.6,1,0.45,0.20,0.62,,154_05,1,1,2,1
154_06,0,0,0,0,,154_06,60.8,36.5,54.5,1,0.03,0.39,0.60,,154_06,1,1,1,2
154_07,0,0,0,0,,154_07,62.4,36.2,56.2,1,0.07,0.42,0.57,,154_07,1,1,1,1
154_08,0,0,0,0,,154_08,64.0,35.8,58.0,1,0.00,0.45,0.56,,154_08,1,1,2,2
154_09,0,0,0,0,,154_09,65.9,34.5,59.8,1,0.00,0.64,0.55,,154_09,1,2,2,2
155_01,0,0,0,0,,155_01,39.0,24.4,31.9,1,0.00,0.05,0.63,,155_01,2,2,3,2
155_02,0,0,0,0,,155_02,39.2,25.6,31.8,1,0.00,0.05,0.63,,155_02,2,1,2,2
155_04,0,0,0,0,,155_04,43.2,25.6,36.8,1,20.23,0.00,0.65,,155_04,2,2,1,1
155_05,0,0,0,0,,155_05,45.0,27.2,38.7,1,22.00,0.00,0.66,,155_05,1,1,1,2
155_06,0,0,0,0,,155_06,46.9,28.7,40.5,1,24.27,0.00,0.66,,155_06,2,1,1,1
155_07,0,0,0,0,,155_07,48.8,30.2,42.4,1,22.34,0.00,0.66,,155_07,1,1,1,1
155_08,0,0,.,.,,155_08,50.2,31.4,43.9,1,21.88,0.00,0.66,,155_08,2,1,.,.
156_01,0,0,0,0,,156_01,37.9,25.9,30.2,1,0.00,0.07,0.62,,156_01,2,1,2,2
156_02,0,0,0,0,,156_02,36.9,26.1,28.9,1,0.02,0.05,0.63,,156_02,2,2,2,2
156_03,0,0,0,0,,156_03,36.8,27.4,28.5,1,0.06,0.01,0.64,,156_03,2,2,3,2
156_04,0,0,0,0,,156_04,37.5,28.1,29.0,1,0.00,0.04,0.64,,156_04,2,2,2,2
156_05,0,0,0,0,,156_05,37.4,26.7,28.7,1,0.00,0.16,0.63,,156_05,2,2,3,3
156_06,0,0,0,0,,156_06,37.3,25.1,28.3,1,0.08,0.09,0.64,,156_06,2,3,3,3
156_07,0,0,0,0,,156_07,37.7,23.7,28.4,1,0.99,0.12,0.64,,156_07,3,3,3,3
156_08,0,0,0,0,,156_08,37.8,22.2,28.4,1,0.52,0.05,0.63,,156_08,3,3,3,3
157_01,0,0,0,0,,157_01,24.4,6.7,15.3,1,5.07,0.00,0.64,,157_01,2,2,1,1
157_02,0,0,0,0,,157_02,25.9,8.5,16.9,1,4.59,0.00,0.64,,157_02,1,1,2,1
157_03,0,0,0,0,,157_03,27.5,9.7,18.6,1,5.81,0.01,0.64,,157_03,2,2,2,1
157_04,1,0,0,0,,157_04,29.1,10.7,20.0,1,7.58,0.02,0.64,,157_04,2,1,1,1
157_05,0,0,0,0,,157_05,30.3,12.5,21.5,1,4.95,0.02,0.63,,157_05,2,2,2,2
157_06,0,0,0,0,,157_06,31.1,14.2,22.4,1,2.79,0.02,0.63,,157_06,2,2,1,1
157_07,0,0,0,0,,157_07,32.5,15.7,23.9,1,5.79,0.10,0.63,,157_07,1,2,2,2
157_08,0,0,0,0,,157_08,33.9,16.4,25.2,1,4.01,0.05,0.63,,157_08,2,1,1,1
157_09,0,0,0,0,,157_09,35.6,18.0,26.9,1,2.18,0.07,0.63,,157_09,2,2,2,2
158_01,0,0,0,0,,158_01,21.6,1.4,11.3,0.798911679,105.32,0.00,0.77,,158_01,2,2,2,2
158_02,0,0,0,0,,158_02,22.1,0.9,11.1,1,50.41,0.00,0.70,,158_02,2,3,2,2
158_03,0,0,0,0,,158_03,23.1,2.7,12.7,1,1.83,0.00,0.64,,158_03,1,1,1,2
158_04,0,0,0,0,,158_04,23.8,4.6,14.2,1,3.37,0.00,0.64,,158_04,1,2,1,2
158_05,0,0,0,0,,158_05,18.3,4.3,7.4,1,81.98,0.00,0.73,,158_05,1,1,1,1
158_06,0,0,0,1,,158_06,16.5,5.9,6.4,1,93.49,0.00,0.74,,158_06,1,1,1,1
158_07,0,0,0,1,,158_07,14.9,7.6,5.3,1,99.48,0.00,0.75,,158_07,1,1,2,2
158_08,1,0,0,0,,158_08,13.2,9.5,3.9,1,114.12,0.01,0.77,,158_08,1,1,1,1
158_09,0,0,0,0,,158_09,11.9,11.3,2.9,1,87.38,0.01,0.75,,158_09,1,1,1,1
158_10,0,0,0,0,,158_10,12.2,12.1,3.8,1,14.10,0.00,0.66,,158_10,1,1,1,1
158_11,0,0,.,.,,158_11,12.4,13.0,4.7,1,11.00,0.01,0.66,,158_11,2,1,.,.
159_01,0,0,0,0,,159_01,7.6,15.0,0.6,0,23.28,0.05,0.66,,159_01,1,1,1,1
159_02,1,1,1,1,,159_02,5.4,17.0,0.4,0,6.28,0.02,0.41,,159_02,1,1,1,1
159_10,0,0,0,0,,159_10,8.1,15.7,0.3,0,0.22,0.00,0.32,,159_10,1,1,1,1
163_01,1,1,1,0,,163_01,7.3,61.9,9.1,0,1.42,0.87,0.61,,163_01,3,3,3,3
163_02,1,1,1,1,,163_02,8.6,62.6,10.7,0,7.91,0.83,0.61,,163_02,3,3,3,3
163_03,1,1,1,0,,163_03,10.0,63.4,12.3,0,11.46,0.93,0.60,,163_03,3,3,3,3
163_04,1,1,0,1,,163_04,11.8,63.3,14.1,0,3.38,0.94,0.59,,163_04,2,2,3,3
163_05,1,1,1,.,,163_05,13.6,63.0,15.7,0,14.96,0.99,0.60,,163_05,2,3,2,.
164_01,0,0,0,0,,164_01,28.3,63.3,30.5,0,9.78,0.85,0.58,,164_01,3,3,3,5
164_02,0,0,0,0,,164_02,26.4,64.8,28.5,0,4.08,0.80,0.58,,164_02,3,5,5,5
164_03,0,1,0,0,,164_03,24.3,65.2,26.6,0,4.28,0.82,0.59,,164_03,5,5,5,5
164_04,1,0,0,0,,164_04,22.4,65.0,24.7,0,16.05,0.98,0.60,,164_04,5,5,5,5
164_05,0,0,.,.,,164_05,21.0,64.8,23.3,0,31.48,0.97,0.61,,164_05,3,3,.,.
164_06,1,1,0,0,,164_06,15.2,62.9,17.4,0,32.09,0.85,0.62,,164_06,5,5,3,3
164_07,0,0,0,0,,164_07,17.0,63.2,19.2,0,35.33,0.72,0.64,,164_07,3,2,3,2
164_08,1,0,0,0,,164_08,18.9,64.0,21.1,0,32.82,0.84,0.62,,164_08,3,2,3,3
164_09,0,0,.,.,,164_09,20.1,64.6,22.4,0,33.49,0.88,0.62,,164_09,3,3,.,.
165_01,0,0,0,0,,165_01,43.5,49.5,36.7,0,33.87,0.53,0.63,,165_01,3,3,3,3
165_02,0,0,0,0,,165_02,41.8,51.4,37.1,0,17.60,0.69,0.59,,165_02,3,3,3,3
165_03,0,0,0,0,,165_03,40.2,53.3,37.6,0,15.49,0.97,0.58,,165_03,3,3,3,4
165_04,0,0,0,0,,165_04,39.0,55.0,38.5,0,28.31,0.82,0.61,,165_04,3,3,3,3
165_05,0,0,1,0,,165_05,37.3,56.5,38.2,0,26.15,0.89,0.60,,165_05,3,3,3,3
165_06,0,0,0,0,,165_06,35.5,57.8,37.0,0,21.50,0.79,0.59,,165_06,3,3,3,3
165_07,0,0,0,0,,165_07,33.7,58.9,35.7,0,12.61,0.85,0.58,,165_07,3,3,3,4
165_08,0,0,0,1,,165_08,31.8,60.4,34.0,0,16.72,0.98,0.58,,165_08,3,4,3,3
165_09,0,0,0,1,,165_09,30.3,61.6,32.5,0,26.92,0.93,0.59,,165_09,3,4,3,3
166_01,0,0,0,0,,166_01,47.3,44.3,34.6,0,27.75,0.57,0.62,,166_01,3,3,3,3
166_02,0,0,0,0,,166_02,48.6,42.6,33.7,0,15.92,0.57,0.60,,166_02,3,3,3,3
166_03,0,0,0,0,,166_03,49.9,40.9,33.3,0,7.26,0.63,0.58,,166_03,3,3,3,3
166_04,0,0,0,0,,166_04,51.0,39.5,32.4,0,1.26,0.80,0.56,,166_04,3,3,3,3
166_05,0,0,0,0,,166_05,51.3,38.1,31.4,0,4.41,0.85,0.58,,166_05,3,3,3,3
166_07,0,0,0,0,,166_07,46.1,45.9,35.2,0,36.12,0.61,0.62,,166_07,3,3,3,3
166_08,1,0,0,0,,166_08,45.0,47.6,36.2,0,34.24,0.80,0.61,,166_08,3,3,3,3
166_09,0,0,0,0,,166_09,58.5,36.1,42.4,0.036693342,38.34,0.44,0.64,,166_09,4,3,3,4
167_01,1,0,0,0,,167_01,62.4,36.8,48.5,0.5,50.87,0.26,0.68,,167_01,3,3,3,3
167_02,1,0,0,0,,167_02,61.6,36.1,46.9,0.5,43.38,0.30,0.68,,167_02,4,3,3,3
167_03,0,0,0,0,,167_03,60.7,35.8,45.2,0.5,40.30,0.28,0.68,,167_03,3,3,3,3
167_04,0,0,0,.,,167_04,59.9,35.5,43.9,0.5,43.17,0.69,0.65,,167_04,4,3,3,.
171_01,0,0,0,0,,171_01,64.4,41.9,59.7,1,1.74,0.28,0.59,,171_01,2,3,3,3
171_02,0,0,0,0,,171_02,63.7,41.1,58.7,1,5.45,0.16,0.62,,171_02,3,3,2,3
171_03,0,0,0,0,,171_03,62.6,39.9,57.2,1,5.79,0.32,0.61,,171_03,3,3,3,3
171_04,0,0,0,.,,171_04,62.3,39.5,56.4,1,4.47,0.51,0.59,,171_04,3,3,3,.
173_01,0,0,0,0,,173_01,28.4,9.6,25.2,1,100.51,0.00,0.75,,173_01,2,2,2,3
173_02,0,0,0,0,,173_02,30.2,10.7,26.9,1,62.41,0.00,0.72,,173_02,3,5,5,5
173_03,0,0,0,0,,173_03,31.9,11.9,28.6,1,44.12,0.00,0.70,,173_03,5,5,5,5
173_04,0,0,0,0,,173_04,36.1,17.7,31.0,1,4.38,0.01,0.64,,173_04,1,2,2,4
173_05,0,0,0,0,,173_05,37.0,19.2,31.2,1,1.01,0.02,0.64,,173_05,2,2,1,2
173_06,0,0,0,0,,173_06,38.2,20.8,32.0,1,3.05,0.05,0.65,,173_06,1,2,1,1
173_07,0,0,0,0,,173_07,39.9,22.5,33.6,1,13.91,0.01,0.65,,173_07,1,2,1,1
173_08,0,0,.,.,,173_08,41.1,23.8,34.8,1,19.24,0.00,0.65,,173_08,2,2,.,.
173_09,0,0,0,0,,173_09,37.6,20.8,31.4,1,0.06,0.01,0.64,,173_09,2,2,2,2
173_10,0,0,0,0,,173_10,38.6,22.5,32.1,1,0.00,0.00,0.64,,173_10,2,2,1,2
174_01,0,0,0,0,,174_01,25.8,13.5,20.1,1,120.26,0.00,0.76,,174_01,2,2,2,2
174_02,0,0,0,0,,174_02,24.9,14.7,18.8,1,117.55,0.00,0.76,,174_02,2,2,2,2
174_03,0,0,0,0,,174_03,24.4,16.0,17.8,1,114.29,0.00,0.76,,174_03,2,2,2,2
174_04,0,0,0,0,,174_04,23.0,16.3,16.2,1,123.16,0.00,0.76,,174_04,3,3,2,2
174_05,0,0,0,0,,174_05,22.0,16.1,14.9,1,115.23,0.00,0.75,,174_05,1,1,2,1
174_06,0,0,0,0,,174_06,22.0,15.8,14.2,1,123.37,0.00,0.76,,174_06,1,1,1,1
174_07,0,0,0,0,,174_07,22.8,16.2,14.4,1,119.05,0.00,0.76,,174_07,1,1,1,1
174_08,0,0,0,0,,174_08,23.1,16.5,14.4,1,112.62,0.00,0.75,,174_08,1,1,1,1
175_01,0,0,0,0,,175_01,22.5,15.7,13.4,1,122.38,0.00,0.76,,175_01,1,1,1,1
175_02,0,0,0,0,,175_02,22.8,15.9,13.5,0.893255995,115.34,0.00,0.75,,175_02,1,1,1,1
175_03,0,0,0,0,,175_03,24.2,16.1,14.5,0.813052012,116.20,0.00,0.76,,175_03,1,1,1,1
175_04,0,0,0,0,,175_04,25.3,14.6,15.5,0.887891226,108.04,0.00,0.76,,175_04,1,1,1,1
175_05,0,0,0,0,,175_05,25.6,12.9,15.2,0.998129411,114.89,0.00,0.76,,175_05,1,1,1,1
175_06,0,0,0,0,,175_06,26.1,11.4,15.2,1,114.82,0.00,0.76,,175_06,1,1,1,1
175_07,0,0,0,0,,175_07,26.3,10.0,15.5,1,99.14,0.03,0.76,,175_07,1,1,1,1
175_08,0,0,0,0,,175_08,24.8,8.7,14.6,0.981567208,112.52,0.04,0.77,,175_08,2,1,2,2
175_09,0,0,0,0,,175_09,23.1,7.2,13.7,1,118.06,0.01,0.76,,175_09,2,5,5,5
176_01,1,1,1,1,,176_01,15.4,8.4,7.1,0,14.29,0.01,0.64,,176_01,1,1,1,1
176_02,1,0,0,0,,176_02,13.7,9.0,6.0,0,2.21,0.04,0.62,,176_02,1,1,1,1
176_03,0,0,0,0,,176_03,11.9,10.2,4.7,0,4.69,0.01,0.63,,176_03,2,4,2,1
176_04,0,0,1,1,,176_04,10.1,11.6,3.3,0,6.70,0.03,0.63,,176_04,1,1,1,2
176_05,0,0,.,.,,176_05,8.8,12.9,2.1,0,4.58,0.12,0.63,,176_05,1,1,.,.
176_06,0,0,0,0,,176_06,12.9,9.2,5.6,0,2.54,0.01,0.62,,176_06,1,1,1,1
176_07,0,0,0,0,,176_07,14.6,7.4,7.1,0,0.03,0.00,0.62,,176_07,1,1,1,1
176_08,0,0,0,0,,176_08,16.5,5.5,8.1,0,0.00,0.00,0.61,,176_08,1,1,1,1
176_09,0,0,0,0,,176_09,18.1,3.6,8.7,0,8.39,0.00,0.63,,176_09,1,1,1,1
176_10,0,0,.,.,,176_10,19.2,2.3,8.9,0,65.25,0.00,0.69,,176_10,1,1,.,.
177_01,0,0,1,.,,177_01,9.5,14.0,0.5,0,0.00,0.02,0.62,,177_01,2,2,2,.
177_02,0,0,0,1,,177_02,9.1,14.5,0.6,0,0.00,0.00,0.61,,177_02,4,4,2,4
177_03,0,1,0,1,,177_03,10.2,13.5,0.2,0,0.00,0.00,0.55,,177_03,4,4,4,2
184_01,0,0,0,0,,184_01,50.4,36.9,30.2,0,6.21,0.39,0.61,,184_01,3,3,3,3
184_02,0,0,0,0,,184_02,49.2,36.3,28.9,0,30.38,0.70,0.64,,184_02,3,3,3,4
184_03,0,0,0,0,,184_03,47.8,37.6,27.6,0,29.53,0.88,0.62,,184_03,3,3,4,4
185_01,0,0,0,0,,185_01,64.5,13.5,43.7,1,16.30,0.84,0.61,,185_01,3,3,3,3
185_02,0,0,0,0,,185_02,63.1,15.2,42.3,1,17.95,0.92,0.61,,185_02,3,3,3,3
185_03,0,0,0,0,,185_03,61.5,17.0,40.6,1,12.26,0.71,0.61,,185_03,3,3,3,3
185_04,0,0,0,0,,185_04,60.2,18.9,39.3,1,2.11,0.68,0.62,,185_04,3,3,3,3
185_05,0,0,0,0,,185_05,59.2,20.8,38.2,1,6.42,0.72,0.62,,185_05,3,3,3,3
185_06,0,0,0,0,,185_06,57.8,22.6,36.8,1,10.94,0.71,0.63,,185_06,2,3,3,3
185_07,0,0,0,0,,185_07,56.2,24.4,35.2,1,2.70,0.81,0.62,,185_07,3,3,3,2
186_01,0,0,0,0,,186_01,73.0,0.8,54.9,1,29.71,0.33,0.64,,186_01,3,2,3,3
186_02,0,0,0,0,,186_02,74.2,2.5,54.0,1,32.17,0.34,0.65,,186_02,2,3,3,2
186_03,0,0,0,0,,186_03,73.9,4.3,53.4,1,26.80,0.52,0.61,,186_03,3,3,2,3
186_04,0,0,0,0,,186_04,72.6,6.0,52.0,1,18.30,0.47,0.62,,186_04,3,2,3,3
186_05,0,0,0,0,,186_05,71.0,7.6,50.4,1,19.55,0.46,0.62,,186_05,2,3,3,2
186_06,0,0,0,0,,186_06,69.4,9.4,48.7,1,18.50,0.61,0.61,,186_06,3,3,2,3
186_07,0,0,0,0,,186_07,67.6,10.8,46.9,1,14.50,0.72,0.60,,186_07,3,2,3,3
186_08,0,0,.,.,,186_08,66.3,12.0,45.5,1,18.77,0.69,0.61,,186_08,2,3,.,.
186_09,0,0,.,.,,186_09,71.7,0.8,55.3,1,19.27,0.33,0.64,,186_09,4,2,.,.
189_01,0,0,0,0,,189_01,52.3,24.8,43.9,1,60.62,0.16,0.71,,189_01,1,1,1,1
189_02,0,0,0,0,,189_02,50.9,24.0,42.4,1,61.55,0.28,0.70,,189_02,1,1,1,1
189_03,0,0,0,0,,189_03,49.2,23.3,40.7,1,55.62,0.22,0.69,,189_03,1,1,1,1
189_04,0,0,0,0,,189_04,47.1,21.2,39.2,1,10.12,0.22,0.63,,189_04,2,1,2,1
189_05,0,0,0,0,,189_05,47.0,20.1,40.4,1,4.14,0.42,0.60,,189_05,1,1,1,1
189_06,0,0,0,0,,189_06,47.0,19.1,41.5,1,2.01,0.53,0.59,,189_06,1,1,1,1
189_07,0,0,0,.,,189_07,47.1,18.2,41.3,1,7.71,0.53,0.60,,189_07,1,1,1,.
189_08,0,0,0,0,,189_08,52.0,26.1,43.8,1,33.83,0.08,0.68,,189_08,2,2,2,2
189_09,0,0,0,.,,189_09,50.8,27.2,42.7,1,15.68,0.06,0.66,,189_09,2,2,2,.
190_01,0,0,0,0,,190_01,49.4,27.9,41.5,1,35.35,0.02,0.68,,190_01,1,2,1,2
190_02,0,0,0,0,,190_02,48.1,26.5,40.5,1,20.21,0.00,0.67,,190_02,1,2,1,2
190_03,0,0,0,0,,190_03,47.0,24.9,39.7,1,9.29,0.00,0.66,,190_03,1,3,1,2
190_04,0,0,0,0,,190_04,46.2,23.6,39.1,1,9.43,0.01,0.67,,190_04,1,2,1,2
190_05,0,0,0,0,,190_05,45.0,22.2,38.3,1,13.13,0.02,0.67,,190_05,1,2,1,2
190_06,0,0,0,0,,190_06,43.9,21.0,37.7,1,19.09,0.02,0.68,,190_06,1,2,1,2
190_07,0,0,0,0,,190_07,42.6,19.8,36.8,1,10.11,0.01,0.66,,190_07,1,2,1,3
190_08,0,0,0,0,,190_08,41.0,18.1,35.3,1,4.00,0.02,0.64,,190_08,1,2,1,2
191_01,0,0,0,0,,191_01,34.7,13.5,27.6,1,59.28,0.17,0.70,,191_01,2,2,2,2
191_02,0,0,0,0,,191_02,33.6,11.8,26.6,1,56.91,0.18,0.70,,191_02,2,2,2,2
191_03,0,0,0,0,,191_03,32.7,10.2,25.9,1,57.40,0.12,0.71,,191_03,2,2,2,2
191_04,0,0,0,0,,191_04,31.2,8.6,25.2,1,64.08,0.02,0.72,,191_04,2,2,2,2
191_05,0,0,0,0,,191_05,30.0,7.2,24.4,1,76.34,0.00,0.73,,191_05,2,2,2,2
191_06,0,0,0,0,,191_06,29.8,6.9,24.6,1,64.81,0.00,0.72,,191_06,2,2,2,2
191_07,0,0,0,0,,191_07,30.4,7.7,25.9,1,12.61,0.02,0.66,,191_07,2,2,2,2
191_08,0,0,0,0,,191_08,30.9,8.6,27.0,1,0.04,0.05,0.64,,191_08,2,2,2,2
192_01,0,0,0,0,,192_01,19.0,5.6,13.1,0.793415277,16.79,0.05,0.66,,192_01,1,2,2,2
192_02,0,0,0,0,,192_02,18.0,5.4,13.1,1,0.73,0.10,0.64,,192_02,2,3,3,2
192_03,0,0,0,0,,192_03,18.1,4.9,14.0,1,0.00,0.00,0.64,,192_03,3,2,2,2
192_04,0,0,0,0,,192_04,18.2,5.1,14.4,1,15.15,0.00,0.67,,192_04,2,3,2,3
192_05,0,0,0,0,,192_05,17.7,6.4,14.3,1,60.38,0.00,0.72,,192_05,3,2,3,3
192_06,0,0,0,0,,192_06,17.7,7.7,14.7,1,96.73,0.00,0.74,,192_06,4,3,2,2
192_07,0,0,0,0,,192_07,18.1,9.1,15.4,1,99.50,0.00,0.75,,192_07,2,2,2,2
192_08,0,0,0,0,,192_08,17.6,10.6,14.5,1,34.45,0.00,0.69,,192_08,2,2,2,2
192_09,0,0,0,0,,192_09,18.1,11.6,14.1,1,34.56,0.00,0.69,,192_09,2,2,2,2
192_10,1,0,0,0,,192_10,19.4,12.4,14.6,1,79.81,0.00,0.73,,192_10,2,3,2,3
193_04,1,0,0,0,,193_04,7.0,1.1,0.5,0,50.26,0.07,0.53,,193_04,2,3,3,2
193_05,0,0,0,0,,193_05,6.9,0.9,1.8,0,43.66,0.04,0.69,,193_05,2,2,2,2
193_06,0,0,0,0,,193_06,6.0,2.6,2.3,0,3.23,0.03,0.64,,193_06,2,2,2,2
193_07,0,0,0,0,,193_07,4.9,4.3,1.9,0,0.40,0.33,0.61,,193_07,2,2,2,3
193_08,0,0,0,0,,193_08,5.2,6.2,2.5,0,3.22,0.47,0.60,,193_08,2,3,3,3
193_09,0,0,0,0,,193_09,5.7,8.0,3.7,0,1.77,0.51,0.59,,193_09,2,2,3,2
204_01,0,0,0,0,,204_01,70.3,2.5,55.6,1,8.11,0.54,0.60,,204_01,2,2,1,1
204_02,0,0,0,0,,204_02,68.9,4.3,55.7,1,3.79,0.65,0.60,,204_02,2,1,2,1
204_03,0,0,0,0,,204_03,68.7,5.6,54.6,1,8.05,0.73,0.59,,204_03,2,2,1,1
204_04,0,0,0,0,,204_04,69.3,6.8,53.1,1,12.34,0.88,0.61,,204_04,2,2,2,1
204_05,0,0,0,0,,204_05,69.4,8.5,51.8,1,16.12,0.90,0.60,,204_05,2,4,2,1
204_06,0,0,0,0,,204_06,68.8,9.6,51.9,1,11.87,0.96,0.60,,204_06,2,2,1,2
204_08,0,0,0,0,,204_08,64.1,11.5,54.3,1,28.81,0.41,0.65,,204_08,2,1,1,2
204_09,0,0,0,0,,204_09,66.0,10.3,54.5,1,14.52,0.57,0.64,,204_09,2,2,2,2
205_01,0,0,0,0,,205_01,51.0,21.5,41.6,1,13.73,0.54,0.62,,205_01,2,2,2,2
205_02,0,0,0,0,,205_02,52.5,20.0,43.1,1,22.50,0.42,0.63,,205_02,2,1,1,2
205_03,0,0,0,0,,205_03,54.3,18.1,44.9,1,18.60,0.34,0.64,,205_03,1,2,3,2
205_04,0,0,0,0,,205_04,56.1,16.4,46.5,1,20.52,0.47,0.64,,205_04,2,2,2,1
205_05,0,0,0,0,,205_05,57.3,15.3,47.7,1,15.76,0.82,0.60,,205_05,2,2,2,2
205_06,0,0,0,0,,205_06,58.2,14.9,48.5,1,33.13,0.92,0.60,,205_06,3,2,2,2
205_07,0,0,0,0,,205_07,59.5,14.3,49.6,1,44.37,0.92,0.62,,205_07,2,1,2,1
205_08,0,0,0,0,,205_08,60.9,13.5,51.1,1,40.69,0.80,0.64,,205_08,2,1,3,2
206_01,0,0,0,0,,206_01,44.8,16.7,35.7,1,67.08,0.32,0.71,,206_01,2,1,1,2
206_02,0,0,0,0,,206_02,46.5,18.4,37.3,1,30.48,0.63,0.65,,206_02,1,1,1,1
206_03,0,0,0,0,,206_03,48.2,20.1,39.0,1,18.69,0.71,0.62,,206_03,1,2,1,1
206_04,0,0,.,.,,206_04,49.4,21.3,40.1,1,11.79,0.72,0.60,,206_04,1,2,.,.
206_05,0,0,0,0,,206_05,44.8,16.7,35.7,1,67.08,0.32,0.71,,206_05,1,1,2,1
206_06,0,0,0,0,,206_06,46.5,18.4,37.3,1,30.48,0.63,0.65,,206_06,1,1,1,1
206_07,0,0,0,0,,206_07,48.2,20.1,39.0,1,18.69,0.71,0.62,,206_07,1,1,1,1
206_08,0,0,.,.,,206_08,49.4,21.3,40.1,1,11.79,0.72,0.60,,206_08,2,2,.,.
207_01,0,0,0,0,,207_01,47.0,17.1,40.8,1,31.55,0.54,0.64,,207_01,1,2,1,2
207_02,0,0,.,.,,207_02,46.6,16.4,40.2,1,45.42,0.54,0.66,,207_02,2,3,.,.
207_03,0,0,0,0,,207_03,46.6,16.0,40.1,1,53.13,0.56,0.68,,207_03,1,1,1,1
207_04,0,0,0,0,,207_04,47.3,16.3,40.6,1,63.15,0.56,0.68,,207_04,1,2,1,1
207_05,0,0,0,0,,207_05,47.9,16.5,40.9,1,59.41,0.44,0.70,,207_05,2,3,2,3
207_06,0,0,0,0,,207_06,44.8,14.8,38.5,1,25.35,0.74,0.61,,207_06,2,3,2,3
207_07,0,0,0,0,,207_07,43.3,13.7,37.1,1,13.70,0.20,0.64,,207_07,2,3,2,1
207_08,0,0,0,0,,207_08,42.1,13.1,36.1,1,3.14,0.19,0.63,,207_08,3,3,3,3
208_01,0,0,0,0,,208_01,31.0,20.7,21.7,1,115.82,0.01,0.76,,208_01,2,1,1,1
208_02,0,0,0,0,,208_02,32.3,22.1,23.0,1,112.01,0.02,0.75,,208_02,1,1,1,1
208_03,0,0,0,0,,208_03,33.7,21.3,24.4,1,113.69,0.04,0.75,,208_03,2,1,1,1
208_04,0,0,0,0,,208_04,33.7,19.4,26.1,1,117.92,0.03,0.75,,208_04,1,1,1,1
208_05,0,0,0,0,,208_05,33.4,17.5,27.7,1,117.26,0.02,0.75,,208_05,1,1,1,1
208_06,0,0,0,0,,208_06,33.2,15.7,29.2,1,112.50,0.06,0.76,,208_06,1,1,1,1
208_07,0,0,0,0,,208_07,33.2,14.0,29.8,1,112.57,0.08,0.76,,208_07,1,1,1,1
208_08,0,0,0,0,,208_08,32.9,12.2,28.9,1,118.79,0.09,0.76,,208_08,1,1,1,1
208_09,0,0,.,.,,208_09,32.0,11.0,27.7,1,121.80,0.11,0.76,,208_09,1,1,.,.
209_01,0,0,0,0,,209_01,25.5,13.6,17.5,1,134.49,0.00,0.77,,209_01,2,2,2,3
209_02,0,0,0,0,,209_02,26.4,15.2,17.9,1,128.38,0.01,0.76,,209_02,3,2,2,2
209_03,0,0,0,0,,209_03,27.5,16.5,18.6,1,120.19,0.02,0.76,,209_03,3,2,2,2
209_04,0,0,0,0,,209_04,28.7,17.0,19.9,1,80.14,0.05,0.74,,209_04,3,1,2,1
209_05,0,0,0,0,,209_05,29.3,15.9,20.9,1,10.21,0.07,0.65,,209_05,1,1,1,1
209_06,0,0,0,0,,209_06,29.2,14.4,21.2,1,4.18,0.04,0.65,,209_06,1,2,1,1
209_07,0,0,0,0,,209_07,29.7,13.2,22.0,1,7.51,0.02,0.66,,209_07,1,1,1,2
209_08,0,0,0,0,,209_08,30.5,14.3,22.7,1,6.14,0.12,0.65,,209_08,2,3,2,3
210_01,0,0,0,0,,210_01,9.1,21.3,0.5,0,30.31,0.11,0.64,,210_01,2,2,3,2
210_02,1,0,0,0,,210_02,8.3,20.7,0.4,0,10.62,0.08,0.48,,210_02,2,2,2,2
210_03,0,0,0,0,,210_03,7.3,20.1,0.1,0,1.82,0.02,0.38,,210_03,2,2,2,2
210_04,0,0,1,1,,210_04,6.8,19.5,0.2,0,4.45,0.02,0.30,,210_04,2,1,1,2
210_05,1,1,1,0,,210_05,7.6,18.3,0.7,0,3.62,0.03,0.55,,210_05,1,2,2,3
210_06,0,0,0,0,,210_06,9.4,16.5,2.3,0,14.35,0.04,0.65,,210_06,3,3,3,3
210_07,0,0,0,1,,210_07,9.3,16.3,2.4,0,11.53,0.04,0.65,,210_07,3,3,3,3
210_08,1,1,1,1,,210_08,7.5,17.8,0.7,0,1.48,0.31,0.55,,210_08,3,3,3,3
224_01,0,0,0,0,,224_01,35.3,7.3,26.6,1,148.17,0.25,0.78,,224_01,2,1,1,1
224_02,0,0,0,0,,224_02,36.6,9.1,27.7,1,115.84,0.18,0.76,,224_02,1,1,1,1
224_03,0,0,0,0,,224_03,38.1,11.0,29.0,1,85.02,0.39,0.72,,224_03,1,1,1,1
224_04,0,0,0,0,,224_04,39.6,12.6,30.5,1,74.83,0.15,0.71,,224_04,2,1,1,2
224_05,0,0,0,0,,224_05,41.3,14.0,32.1,1,73.37,0.15,0.71,,224_05,1,1,1,1
224_06,0,0,0,0,,224_06,43.1,15.4,34.0,1,74.09,0.30,0.72,,224_06,1,1,1,2
224_07,0,0,0,0,,224_07,31.8,9.5,22.7,1,93.68,0.23,0.75,,224_07,2,2,1,2
224_08,0,0,0,0,,224_08,31.6,11.2,22.2,1,90.10,0.44,0.71,,224_08,2,2,2,2
225_01,0,0,0,0,,225_01,31.5,5.9,25.4,1,113.28,0.02,0.75,,225_01,2,2,2,2
225_02,0,0,0,0,,225_02,31.3,4.0,24.7,1,110.93,0.11,0.74,,225_02,2,2,2,2
225_03,0,0,0,0,,225_03,31.3,2.1,24.3,1,110.17,0.13,0.75,,225_03,2,2,2,2
225_04,0,0,0,0,,225_04,32.0,0.6,24.5,1,118.64,0.16,0.76,,225_04,2,2,3,2
225_05,0,0,0,0,,225_05,32.7,1.6,24.9,1,78.83,0.36,0.72,,225_05,2,2,2,2
225_06,0,0,0,0,,225_06,33.5,3.4,25.4,1,64.31,0.23,0.71,,225_06,2,5,5,5
225_07,0,0,0,0,,225_07,34.5,5.0,26.2,1,102.70,0.11,0.75,,225_07,5,5,5,5
225_08,0,0,0,0,,225_08,33.7,5.3,25.3,1,81.84,0.05,0.73,,225_08,5,5,5,5
226_01,0,0,0,0,,226_01,20.2,22.6,15.5,0.328551046,5.16,0.38,0.62,,226_01,3,3,2,3
226_02,0,0,0,1,,226_02,19.5,21.1,16.0,1,1.41,0.42,0.64,,226_02,3,3,3,3
226_03,0,0,0,0,,226_03,18.7,19.8,16.6,1,0.01,0.68,0.62,,226_03,3,3,3,3
226_04,0,0,1,0,,226_04,18.8,18.2,17.1,1,4.68,0.47,0.63,,226_04,3,3,3,3
226_05,0,0,0,0,,226_05,19.1,16.6,16.3,1,20.80,0.57,0.64,,226_05,3,3,3,3
226_06,0,0,0,0,,226_06,19.2,15.5,15.3,1,17.14,0.48,0.64,,226_06,3,3,3,3
226_07,1,0,0,0,,226_07,18.4,16.1,14.5,0.934645171,10.48,0.50,0.63,,226_07,3,3,3,2
226_08,0,0,0,0,,226_08,16.7,18.1,14.0,0.099914603,11.36,0.42,0.62,,226_08,2,3,3,3
227_01,0,0,0,0,,227_01,15.7,35.5,6.9,0,21.60,0.42,0.63,,227_01,1,1,1,2
227_02,0,0,0,0,,227_02,16.2,34.3,8.5,0,33.42,0.26,0.66,,227_02,2,2,2,2
227_03,1,0,0,0,,227_03,16.0,32.6,10.1,0,21.59,0.27,0.64,,227_03,1,1,2,1
227_04,0,0,1,0,,227_04,16.3,30.6,11.2,0,12.28,0.32,0.62,,227_04,2,1,1,2
227_05,0,0,.,.,,227_05,16.6,29.3,10.6,0,5.40,0.57,0.59,,227_05,2,1,.,.
227_06,0,0,0,0,,227_06,17.6,28.9,11.2,0,4.12,0.48,0.60,,227_06,2,2,2,2
227_07,0,1,0,0,,227_07,19.5,29.2,12.6,0,2.30,0.29,0.61,,227_07,3,2,2,1
227_08,0,0,0,1,,227_08,21.2,29.4,13.3,0,2.26,0.42,0.59,,227_08,1,1,1,2
227_09,1,0,1,0,,227_09,21.7,28.5,13.4,0,10.97,0.43,0.61,,227_09,2,1,2,1
227_11,0,0,0,0,,227_11,15.3,29.1,9.6,0,2.30,0.66,0.58,,227_11,2,2,3,3
228_01,1,0,0,0,,228_01,11.1,30.2,6.5,0,21.45,0.96,0.60,,228_01,1,1,1,1
228_02,0,0,0,0,,228_02,10.4,28.7,5.6,0,25.39,0.81,0.61,,228_02,1,1,2,1
228_03,0,0,0,0,,228_03,10.6,27.1,4.6,0,32.70,0.44,0.65,,228_03,2,1,1,2
228_04,0,0,0,0,,228_04,12.5,25.2,4.2,0,2.54,0.72,0.58,,228_04,2,2,2,2
228_05,0,0,0,0,,228_05,10.8,25.9,3.5,0,23.66,0.51,0.63,,228_05,2,2,4,2
228_06,0,0,0,0,,228_06,9.8,24.8,2.1,0,30.72,0.27,0.66,,228_06,1,2,2,1
228_07,0,0,0,0,,228_07,9.2,23.3,0.5,0,32.53,0.04,0.58,,228_07,2,2,2,2
238_01,0,0,0,0,,238_01,35.1,29.8,33.8,0,10.95,0.99,0.58,,238_01,3,2,2,2
238_02,0,0,0,0,,238_02,35.0,28.9,32.7,0,8.63,0.99,0.58,,238_02,3,3,3,3
238_03,0,0,0,0,,238_03,35.5,28.5,31.7,0,11.69,0.42,0.59,,238_03,2,2,3,3
239_01,0,0,0,0,,239_01,32.4,34.8,31.0,0,9.40,0.96,0.60,,239_01,3,3,3,3
239_02,0,0,0,0,,239_02,34.0,35.0,32.6,0,6.91,0.97,0.60,,239_02,3,3,3,3
239_03,0,0,0,0,,239_03,35.3,34.8,33.8,0,11.39,0.98,0.60,,239_03,3,3,3,3
239_04,0,0,0,0,,239_04,35.6,33.6,33.9,0,14.26,0.93,0.60,,239_04,3,2,3,3
239_05,0,0,.,.,,239_05,35.8,32.5,33.9,0,12.97,0.89,0.59,,239_05,2,3,.,.
241_01,0,0,0,0,,241_01,39.5,29.7,28.8,1,0.07,0.59,0.58,,241_01,2,2,1,2
241_02,0,0,0,0,,241_02,40.9,31.6,30.0,1,2.95,0.66,0.59,,241_02,1,2,2,2
241_03,0,0,0,0,,241_03,42.4,33.4,31.1,1,10.57,0.25,0.63,,241_03,1,2,1,1
241_04,0,0,.,.,,241_04,43.6,33.9,32.1,1,13.30,0.31,0.63,,241_04,1,2,.,.
241_05,0,0,0,0,,241_05,44.1,32.5,31.2,1,8.01,0.47,0.60,,241_05,1,2,2,2
241_06,0,0,0,0,,241_06,43.9,30.7,29.3,1,0.32,0.80,0.57,,241_06,2,1,1,2
241_07,0,0,.,.,,241_07,43.9,29.3,27.9,1,0.27,0.38,0.62,,241_07,2,1,.,.
242_01,0,0,0,0,,242_01,29.5,16.6,19.4,1,86.16,0.26,0.72,,242_01,1,1,1,1
242_02,0,0,0,0,,242_02,29.1,18.4,18.8,1,79.96,0.37,0.71,,242_02,1,1,1,1
242_03,0,0,0,0,,242_03,29.9,20.0,19.5,1,9.97,0.78,0.58,,242_03,1,1,1,2
242_04,0,0,0,0,,242_04,31.5,21.4,21.1,1,2.37,0.87,0.55,,242_04,2,2,1,2
242_05,0,0,0,0,,242_05,33.1,23.0,22.6,1,6.09,0.67,0.58,,242_05,2,1,2,2
242_06,0,0,0,0,,242_06,34.5,24.7,24.0,1,3.95,0.66,0.58,,242_06,2,1,1,1
242_07,0,0,0,0,,242_07,35.8,26.5,25.4,1,8.82,0.77,0.59,,242_07,2,1,1,1
242_08,0,0,0,0,,242_08,37.7,27.9,27.3,1,4.27,0.93,0.56,,242_08,1,1,1,1
243_01,1,0,0,0,,243_01,23.4,19.8,13.0,0,9.14,0.88,0.55,,243_01,3,4,4,4
243_02,0,0,1,1,,243_02,21.5,20.3,11.1,0,12.95,0.63,0.58,,243_02,3,3,3,3
243_03,1,1,1,1,,243_03,19.6,20.4,9.3,0,8.52,0.77,0.56,,243_03,3,3,3,2
243_04,1,1,1,1,,243_04,17.7,21.0,7.4,0,7.47,0.62,0.58,,243_04,2,3,2,3
243_05,1,1,1,1,,243_05,15.9,21.8,5.6,0,25.14,0.45,0.62,,243_05,2,3,3,3
243_06,1,1,0,1,,243_06,14.3,23.2,3.8,0,33.50,0.51,0.62,,243_06,3,3,4,3
243_07,1,1,1,1,,243_07,12.6,24.5,2.2,0,21.80,0.31,0.63,,243_07,3,3,2,2
243_08,1,1,1,1,,243_08,10.8,25.7,0.7,0,7.74,0.15,0.49,,243_08,3,3,2,2
244_01,1,0,0,0,,244_01,12.7,22.0,12.0,0,4.80,0.38,0.63,,244_01,3,2,2,3
244_02,1,1,1,1,,244_02,11.0,23.6,10.5,0,0.23,0.63,0.62,,244_02,3,3,2,3
244_03,1,1,1,1,,244_03,9.2,25.2,8.6,0,0.35,0.40,0.62,,244_03,2,3,2,2
244_04,1,1,1,1,,244_04,7.2,26.7,6.7,0,4.33,0.06,0.65,,244_04,2,1,2,4
244_05,1,0,1,1,,244_05,5.2,28.5,4.8,0,10.90,0.50,0.63,,244_05,2,2,2,2
244_06,1,1,1,1,,244_06,3.4,30.2,3.0,0,14.12,0.37,0.65,,244_06,1,2,1,4
244_07,0,0,.,.,,244_07,2.2,31.3,1.6,0,14.78,0.07,0.68,,244_07,3,3,.,.
245_01,0,0,0,0,,245_01,13.9,35.4,4.8,0,13.77,0.43,0.62,,245_01,1,2,2,1
245_02,0,0,0,0,,245_02,12.2,35.0,3.1,0,19.46,0.37,0.64,,245_02,1,2,1,1
245_03,0,0,0,0,,245_03,10.4,34.9,1.4,0,28.59,0.28,0.66,,245_03,1,1,1,1
245_04,0,0,0,0,,245_04,8.7,35.2,0.6,0,22.49,0.46,0.63,,245_04,2,2,1,1
245_05,0,1,0,0,,245_05,6.9,35.8,0.3,0,13.93,0.19,0.60,,245_05,1,2,2,2
255_01,0,0,0,0,,255_01,16.7,1.0,5.6,0,12.40,0.61,0.61,,255_01,4,4,4,4
255_02,0,0,0,0,,255_02,17.5,2.6,6.9,0,13.67,0.70,0.61,,255_02,4,4,4,4
255_03,0,0,0,0,,255_03,18.9,4.5,8.3,0,15.80,0.93,0.60,,255_03,4,4,4,2
255_04,0,0,0,0,,255_04,19.9,6.5,10.3,0,36.74,0.86,0.63,,255_04,2,2,2,2
255_05,0,0,.,.,,255_05,15.8,0.8,4.5,0,8.49,0.50,0.61,,255_05,1,4,2,2
255_06,0,0,0,0,,255_06,15.0,2.5,3.1,0,15.08,0.85,0.60,,255_06,2,2,2,2
257_01,0,0,1,1,,257_01,22.9,21.4,21.1,0,17.72,0.05,0.64,,257_01,1,1,1,1
257_02,0,0,0,0,,257_02,22.3,23.0,21.5,0,14.32,0.22,0.62,,257_02,1,1,1,1
257_03,0,0,0,0,,257_03,22.1,24.4,21.2,0,15.90,0.38,0.61,,257_03,1,2,2,2
257_04,0,0,0,0,,257_04,23.0,26.1,22.0,0,15.56,0.43,0.60,,257_04,2,2,2,3
257_05,0,0,0,0,,257_05,24.3,27.7,23.2,0,10.16,0.74,0.58,,257_05,3,3,3,3
257_06,0,0,0,0,,257_06,25.7,29.4,24.5,0,2.02,0.80,0.58,,257_06,3,3,3,3
257_07,0,0,0,0,,257_07,26.7,31.3,25.4,0,6.71,0.57,0.60,,257_07,3,2,3,3
257_08,0,0,0,0,,257_08,28.1,32.6,26.8,0,9.27,0.70,0.60,,257_08,3,3,3,3
258_01,0,0,0,0,,258_01,26.4,15.6,17.1,0,42.20,0.27,0.65,,258_01,1,2,1,2
258_02,0,0,0,0,,258_02,25.7,17.1,18.3,0,30.06,0.06,0.65,,258_02,1,2,1,1
258_03,0,0,0,0,,258_03,24.6,18.4,19.1,0,26.30,0.01,0.65,,258_03,1,1,1,1
258_04,1,0,1,0,,258_04,23.8,19.9,20.2,0,23.51,0.04,0.64,,258_04,1,2,1,1
259_01,0,0,0,0,,259_01,44.2,27.4,26.0,1,9.57,0.40,0.62,,259_01,1,2,2,2
259_02,0,0,0,0,,259_02,43.3,25.6,24.2,1,8.06,0.76,0.57,,259_02,1,1,2,1
259_03,0,0,0,0,,259_03,41.4,23.7,22.3,1,2.86,0.78,0.56,,259_03,1,1,2,1
259_04,0,0,0,0,,259_04,39.6,21.9,20.7,1,15.58,0.58,0.60,,259_04,1,2,2,2
259_05,0,0,0,0,,259_05,37.9,20.1,19.2,0.375510204,22.22,0.44,0.62,,259_05,1,1,1,1
259_06,0,0,0,0,,259_06,36.3,18.4,17.9,0,21.51,0.00,0.65,,259_06,1,1,1,1
259_07,0,0,0,0,,259_07,35.1,17.0,17.3,0,6.20,0.03,0.62,,259_07,1,1,1,1
259_08,0,0,0,0,,259_08,34.3,15.8,17.0,0,8.13,0.00,0.62,,259_08,1,1,2,2
259_09,0,0,0,0,,259_09,33.1,14.4,16.2,0,12.96,0.01,0.63,,259_09,1,1,2,2
261_01,1,1,0,0,,261_01,22.3,21.8,10.4,0,57.54,0.03,0.68,,261_01,1,1,1,1
261_02,1,1,1,1,,261_02,21.1,21.4,8.9,0,20.14,0.00,0.64,,261_02,1,1,1,1
261_03,1,1,1,0,,261_03,19.6,20.7,7.2,0,33.36,0.00,0.66,,261_03,1,1,1,1
261_04,1,0,0,0,,261_04,18.2,20.3,5.4,0,90.86,0.02,0.73,,261_04,1,1,1,1
261_05,0,0,1,1,,261_05,16.6,21.1,3.7,0,67.23,0.00,0.71,,261_05,1,1,1,1
261_06,0,0,0,1,,261_06,15.0,22.5,2.1,0,21.28,0.00,0.65,,261_06,1,1,1,2
261_07,0,0,1,1,,261_07,13.4,23.7,0.7,0,12.51,0.02,0.64,,261_07,2,2,2,2
261_08,1,0,0,0,,261_08,12.1,24.3,0.3,0,19.15,0.01,0.45,,261_08,3,5,5,5
273_01,0,0,0,0,,273_01,12.4,4.0,4.2,0,4.68,0.30,0.63,,273_01,2,2,1,2
273_02,0,0,0,0,,273_02,10.5,5.6,5.0,0,7.87,0.50,0.61,,273_02,2,2,2,2
273_03,0,0,0,0,,273_03,8.6,7.3,5.3,0,7.65,0.27,0.64,,273_03,2,2,1,2
273_04,0,0,0,0,,273_04,7.1,9.0,4.5,0,9.32,0.56,0.62,,273_04,2,4,2,2
273_05,0,0,0,0,,273_05,5.2,10.7,3.1,0,17.23,0.68,0.62,,273_05,2,1,1,2
273_06,0,0,1,1,,273_06,3.4,12.6,1.5,0,16.47,0.21,0.64,,273_06,1,1,1,1
273_07,1,1,1,1,,273_07,1.6,14.4,0.4,0,11.39,0.11,0.42,,273_07,5,5,5,5
275_01,0,0,0,0,,275_01,15.0,15.9,10.0,0,3.31,0.00,0.56,,275_01,1,1,1,1
275_02,0,0,0,0,,275_02,13.6,17.6,11.0,0,11.94,0.00,0.55,,275_02,1,1,1,1
275_03,0,0,0,0,,275_03,11.8,19.2,10.8,0,11.77,0.00,0.59,,275_03,1,2,2,1
275_04,0,0,0,0,,275_04,10.2,21.0,9.3,0,10.07,0.00,0.62,,275_04,1,2,2,1
275_05,0,0,0,0,,275_05,8.5,22.6,7.6,0,1.00,0.01,0.59,,275_05,1,2,1,1
275_06,0,0,0,0,,275_06,6.7,24.0,5.7,0,0.01,0.02,0.62,,275_06,1,2,1,1
275_07,0,0,0,0,,275_07,4.8,25.6,3.9,0,3.32,0.02,0.64,,275_07,1,1,1,1
275_08,0,0,0,0,,275_08,3.1,27.4,2.4,0,17.17,0.00,0.67,,275_08,2,1,1,1
276_01,0,0,0,0,,276_01,18.9,1.0,2.6,0,0.20,0.01,0.61,,276_01,1,1,1,1
276_02,0,0,0,0,,276_02,19.2,2.8,2.9,0,0.10,0.01,0.61,,276_02,1,1,1,1
276_03,0,0,0,0,,276_03,19.0,4.4,2.8,0,2.77,0.00,0.62,,276_03,1,1,1,1
276_04,0,0,0,0,,276_04,19.3,6.2,3.1,0,1.76,0.00,0.62,,276_04,1,1,1,1
276_05,0,0,0,0,,276_05,20.1,8.0,3.7,0,0.43,0.00,0.57,,276_05,1,1,1,1
276_06,0,0,0,0,,276_06,20.1,9.7,5.0,0,4.41,0.00,0.58,,276_06,2,1,1,1
276_07,0,0,0,0,,276_07,18.4,11.5,6.2,0,12.57,0.00,0.61,,276_07,1,1,1,1
276_08,0,0,0,0,,276_08,17.0,13.3,7.7,0,5.48,0.00,0.62,,276_08,1,1,1,1
279_01,0,0,0,0,,279_01,8.2,1.3,0.8,0,13.53,0.05,0.57,,279_01,1,1,1,1
279_02,0,0,0,0,,279_02,9.9,2.9,2.6,0,15.92,0.04,0.65,,279_02,1,1,1,1
279_03,0,0,0,0,,279_03,11.0,4.7,4.4,0,17.00,0.03,0.65,,279_03,1,1,1,1
279_04,1,1,0,0,,279_04,11.5,6.4,6.0,0,9.77,0.00,0.64,,279_04,1,1,1,2
279_05,0,1,1,0,,279_05,12.7,7.9,7.6,0,54.09,0.00,0.72,,279_05,3,2,2,2
279_06,0,0,0,0,,279_06,12.8,9.5,8.2,0,107.05,0.00,0.77,,279_06,3,2,2,2
279_07,0,0,.,.,,279_07,12.6,10.4,7.8,0,110.18,0.00,0.75,,279_07,3,2,.,.
362_01,0,0,1,0,,362_01,1.7,17.3,0.1,0,0.00,0.37,0.34,,362_01,3,2,3,2
362_02,1,1,1,0,,362_02,3.2,15.4,0.1,0,0.00,0.71,0.40,,362_02,2,2,2,2
362_03,0,1,1,0,,362_03,3.1,13.4,0.1,0,1.39,0.79,0.39,,362_03,2,2,2,2
362_04,1,1,1,1,,362_04,1.8,11.4,0.1,0,5.71,0.60,0.38,,362_04,2,2,2,2
363_01,1,1,1,0,,363_01,3.1,16.9,1.5,0,0.00,0.77,0.61,,363_01,2,2,2,2
363_02,0,0,0,0,,363_02,4.9,17.1,3.5,0,0.87,0.81,0.61,,363_02,2,2,1,2
363_03,0,0,0,0,,363_03,6.7,18.1,4.7,0,1.07,0.93,0.59,,363_03,2,1,2,1
363_04,0,0,0,0,,363_04,8.5,18.8,5.4,0,0.46,0.65,0.61,,363_04,2,1,2,2
363_05,0,0,0,0,,363_05,10.3,18.5,6.2,0,0.34,0.60,0.60,,363_05,2,2,2,1
363_06,0,0,0,0,,363_06,12.3,18.6,5.5,0,0.50,0.52,0.60,,363_06,2,2,2,2
363_07,0,0,0,0,,363_07,13.6,18.3,4.0,0,4.67,0.63,0.60,,363_07,2,1,2,1
363_08,0,0,0,0,,363_08,12.8,17.0,2.2,0,11.63,0.21,0.64,,363_08,2,2,2,2
363_10,0,0,0,0,,363_10,13.2,15.8,2.3,0,39.30,0.16,0.69,,363_10,2,2,2,2
363_11,1,0,0,.,,363_11,13.0,15.1,3.4,0,103.61,0.21,0.77,,363_11,2,2,2,.
363_12,0,0,0,0,,363_12,5.5,16.2,3.7,0,6.29,0.80,0.62,,363_12,2,2,3,4
363_13,0,1,0,1,,363_13,6.7,14.7,4.4,0,12.47,0.49,0.63,,363_13,2,2,2,2
363_14,0,1,1,0,,363_14,7.7,14.1,5.7,0,4.25,0.31,0.64,,363_14,2,2,2,2
364_01,0,0,0,0,,364_01,11.8,14.1,0.1,0,1.80,0.37,0.38,,364_01,2,2,2,2
364_02,0,0,0,0,,364_02,11.3,15.8,0.3,0,3.06,0.55,0.36,,364_02,2,2,3,4
364_03,1,0,0,1,,364_03,10.5,17.2,0.1,0,3.76,0.64,0.35,,364_03,2,2,1,1
364_04,1,0,1,0,,364_04,9.8,19.1,0.1,0,5.86,0.53,0.37,,364_04,2,1,2,2
364_05,0,0,1,1,,364_05,9.4,21.0,0.1,0,8.54,0.35,0.39,,364_05,2,1,2,1
364_06,1,0,0,1,,364_06,8.3,22.4,0.1,0,7.93,0.16,0.40,,364_06,1,2,1,2
370_01,1,1,1,1,,370_01,2.4,8.7,0.1,0,1.69,0.83,0.36,,370_01,3,2,2,2
370_02,1,1,0,0,,370_02,4.2,6.7,0.1,0,12.39,0.88,0.29,,370_02,2,2,2,3
370_03,1,0,1,0,,370_03,6.0,4.8,0.1,0,10.02,0.84,0.30,,370_03,3,2,2,2
370_04,1,0,1,0,,370_04,6.0,2.8,0.1,0,5.06,0.67,0.30,,370_04,2,2,2,3
370_05,0,0,.,.,,370_05,5.4,1.3,0.1,0,13.41,0.72,0.36,,370_05,2,2,.,.
370_06,1,0,0,0,,370_06,6.1,1.0,0.8,0,9.93,0.78,0.40,,370_06,2,2,3,2
370_07,0,0,0,0,,370_07,7.9,2.7,2.6,0,9.89,0.42,0.63,,370_07,2,3,2,2
370_08,0,0,0,0,,370_08,9.0,4.1,3.5,0,15.49,0.22,0.65,,370_08,3,2,2,3
370_09,0,1,0,0,,370_09,9.8,5.4,4.1,0,17.21,0.30,0.64,,370_09,2,3,2,2
371_01,0,0,0,0,,371_01,9.3,14.0,7.6,0,1.79,0.74,0.61,,371_01,3,3,3,2
371_02,0,0,0,0,,371_02,10.8,14.4,9.2,0,0.10,0.59,0.61,,371_02,3,2,2,3
371_03,1,0,0,0,,371_03,12.2,14.5,10.3,0,0.00,0.74,0.59,,371_03,3,2,3,3
371_04,0,0,0,0,,371_04,14.0,15.2,10.7,0,0.00,0.55,0.60,,371_04,4,2,4,2
371_05,0,0,0,0,,371_05,15.6,15.7,11.2,0,0.02,0.89,0.58,,371_05,4,2,4,2
371_06,0,0,1,0,,371_06,16.9,16.0,12.3,0,0.31,0.33,0.61,,371_06,2,2,4,2
371_07,0,0,0,0,,371_07,18.7,17.3,12.6,0,3.38,0.41,0.61,,371_07,4,2,2,2
371_08,0,0,0,0,,371_08,18.8,18.7,12.6,0,6.41,0.31,0.62,,371_08,2,2,4,4
371_09,0,0,0,0,,371_09,19.0,19.5,13.6,0,8.40,0.57,0.61,,371_09,4,4,4,2
371_10,0,0,0,.,,371_10,19.6,20.1,14.7,0,11.54,0.64,0.61,,371_10,4,4,2,.
372_01,0,0,.,.,,372_01,7.4,23.9,0.1,0,4.34,0.64,0.37,,372_01,1,2,.,.
372_02,0,0,0,0,,372_02,7.1,25.1,0.2,0,4.31,0.59,0.37,,372_02,2,2,2,2
372_03,1,0,0,0,,372_03,6.9,26.7,0.2,0,5.99,0.13,0.40,,372_03,1,2,1,2
372_04,1,0,0,0,,372_04,5.7,28.4,0.2,0,8.92,0.15,0.39,,372_04,2,2,2,1
372_05,0,0,0,0,,372_05,4.5,30.1,0.3,0,16.26,0.13,0.41,,372_05,2,1,2,2
372_06,1,.,.,.,,372_06,3.9,31.1,0.2,0,33.54,0.01,0.45,,372_06,2,.,.,.
372_07,0,0,0,0,,372_07,4.7,32.1,1.1,0,39.79,0.05,0.72,,372_07,2,3,3,2
372_08,0,0,0,0,,372_08,5.8,33.3,2.1,0,37.63,0.17,0.70,,372_08,2,2,3,2
372_09,0,0,.,.,,372_09,6.5,34.1,2.6,0,34.91,0.22,0.69,,372_09,3,3,.,.
372_10,0,0,0,0,,372_10,7.9,34.1,3.8,0,33.91,0.06,0.71,,372_10,3,3,2,2
372_11,0,0,0,.,,372_11,9.2,34.8,4.6,0,33.20,0.04,0.70,,372_11,3,3,2,.
373_01,1,1,1,1,,373_01,5.3,35.4,0.2,0,3.41,0.35,0.42,,373_01,2,2,2,2
373_02,1,1,1,1,,373_02,6.8,37.2,0.2,0,1.30,0.25,0.42,,373_02,2,2,2,2
373_03,0,1,1,1,,373_03,8.4,39.0,0.2,0,0.00,0.16,0.41,,373_03,2,2,2,2
373_04,0,0,0,0,,373_04,8.6,40.8,0.1,0,1.42,0.13,0.41,,373_04,2,2,2,2
373_05,0,0,1,1,,373_05,7.6,42.5,0.1,0,5.12,0.22,0.39,,373_05,2,2,2,2
373_06,0,0,1,1,,373_06,7.3,44.2,0.1,0,2.58,0.21,0.38,,373_06,2,2,1,1
373_07,1,1,.,.,,373_07,7.5,44.9,0.4,0,0.61,0.05,0.59,,373_07,1,2,.,.
378_01,0,0,0,0,,378_01,9.7,7.3,5.0,0,12.63,0.24,0.65,,378_01,3,2,3,2
378_02,0,0,0,0,,378_02,9.4,9.2,6.2,0,12.80,0.04,0.67,,378_02,2,2,2,3
378_03,0,0,0,0,,378_03,9.5,11.0,7.4,0,12.61,0.19,0.65,,378_03,2,3,2,3
378_04,0,0,1,0,,378_04,9.0,12.7,7.8,0,14.76,0.46,0.63,,378_04,2,2,3,3
378_05,0,0,.,.,,378_05,8.7,14.0,7.9,0,14.25,0.75,0.61,,378_05,2,2,.,.
378_06,1,0,0,0,,378_06,9.1,15.4,8.4,0,17.64,0.68,0.62,,378_06,2,3,2,2
378_07,0,0,.,.,,378_07,9.7,16.8,8.9,0,21.22,0.41,0.65,,378_07,2,2,.,.
378_08,0,1,0,0,,378_08,10.6,18.0,9.7,0,11.76,0.39,0.64,,378_08,2,2,2,2
378_09,0,0,0,0,,378_09,11.5,19.9,10.5,0,2.75,0.21,0.64,,378_09,2,1,2,2
379_01,0,0,0,0,,379_01,20.2,21.3,15.9,0,15.52,0.47,0.63,,379_01,2,2,2,2
380_01,0,0,0,0,,380_01,19.8,23.2,16.0,0,9.78,0.32,0.63,,380_01,2,2,2,2
380_02,0,0,.,.,,380_02,19.2,24.5,15.5,0,4.29,0.21,0.63,,380_02,3,3,.,.
380_03,0,0,0,0,,380_03,18.0,25.8,14.5,0,4.59,0.16,0.64,,380_03,4,2,2,4
380_04,0,0,0,0,,380_04,17.1,27.7,13.5,0,7.42,0.19,0.65,,380_04,2,4,2,2
380_05,0,0,0,0,,380_05,16.4,29.6,12.7,0,8.08,0.28,0.63,,380_05,2,2,2,2
380_06,0,1,0,0,,380_06,16.8,31.3,12.7,0,3.41,0.42,0.62,,380_06,2,2,2,2
380_07,0,0,0,0,,380_07,17.9,32.9,13.4,0,0.90,0.43,0.62,,380_07,4,2,2,2
380_08,0,0,0,0,,380_08,19.2,34.6,13.9,0,5.39,0.27,0.63,,380_08,2,2,2,2
380_09,0,0,0,0,,380_09,20.4,36.3,14.4,0,4.80,0.32,0.63,,380_09,4,2,2,4
380_10,0,0,1,0,,380_10,21.7,38.1,14.8,0,10.46,0.25,0.63,,380_10,4,2,2,2
380_11,0,1,.,.,,380_11,22.3,39.5,15.1,0,18.98,0.42,0.63,,380_11,4,2,.,.
380_12,1,1,0,0,,380_12,20.5,38.6,13.3,0,32.34,0.19,0.67,,380_12,3,3,3,2
380_13,0,0,0,0,,380_13,19.0,37.6,12.2,0,32.31,0.28,0.66,,380_13,3,3,3,3
380_14,0,0,0,0,,380_14,17.4,36.8,11.0,0,29.34,0.66,0.63,,380_14,3,2,3,3
380_15,0,0,0,0,,380_15,15.7,36.4,9.7,0,32.36,0.60,0.64,,380_15,2,3,3,3
381_01,1,1,1,1,,381_01,7.6,46.1,0.1,0,0.03,0.12,0.35,,381_01,2,1,2,2
381_02,0,0,0,0,,381_02,8.4,44.6,0.1,0,0.38,0.08,0.36,,381_02,2,1,2,2
381_03,1,0,0,0,,381_03,9.1,42.9,0.2,0,4.23,0.25,0.40,,381_03,2,3,2,2
381_04,0,0,0,0,,381_04,22.8,40.8,15.5,0,21.13,0.23,0.65,,381_04,2,2,3,2
381_05,0,0,.,.,,381_05,23.4,42.1,15.5,0,23.33,0.08,0.67,,381_05,3,2,.,.
381_06,0,0,0,0,,381_06,23.2,43.1,14.9,0,30.66,0.29,0.66,,381_06,2,3,3,3
381_07,0,0,0,0,,381_07,22.3,41.9,14.7,0,31.15,0.15,0.68,,381_07,2,3,3,3
381_08,0,0,0,0,,381_08,21.7,40.5,14.5,0,31.69,0.19,0.67,,381_08,3,2,3,3
381_09,0,0,.,.,,381_09,21.2,39.6,13.9,0,32.17,0.15,0.68,,381_09,2,2,.,.
381_10,0,0,1,0,,381_10,8.4,46.6,0.9,0,1.09,0.12,0.61,,381_10,1,2,2,2
381_11,1,1,1,1,,381_11,9.9,46.2,2.4,0,5.08,0.05,0.66,,381_11,2,2,2,2
381_12,1,1,.,.,,381_12,10.3,45.5,2.9,0,3.72,0.12,0.65,,381_12,3,3,.,.
381_13,1,1,.,.,,381_13,10.7,46.0,3.2,0,6.01,0.02,0.66,,381_13,2,2,.,.
